datestr,daten,FEDFUNDS
"1954-07-01",01jul1954,.8
"1954-08-01",01aug1954,1.22
"1954-09-01",01sep1954,1.06
"1954-10-01",01oct1954,.85
"1954-11-01",01nov1954,.83
"1954-12-01",01dec1954,1.28
"1955-01-01",01jan1955,1.39
"1955-02-01",01feb1955,1.29
"1955-03-01",01mar1955,1.35
"1955-04-01",01apr1955,1.43
"1955-05-01",01may1955,1.43
"1955-06-01",01jun1955,1.64
"1955-07-01",01jul1955,1.68
"1955-08-01",01aug1955,1.96
"1955-09-01",01sep1955,2.18
"1955-10-01",01oct1955,2.24
"1955-11-01",01nov1955,2.35
"1955-12-01",01dec1955,2.48
"1956-01-01",01jan1956,2.45
"1956-02-01",01feb1956,2.5
"1956-03-01",01mar1956,2.5
"1956-04-01",01apr1956,2.62
"1956-05-01",01may1956,2.75
"1956-06-01",01jun1956,2.71
"1956-07-01",01jul1956,2.75
"1956-08-01",01aug1956,2.73
"1956-09-01",01sep1956,2.95
"1956-10-01",01oct1956,2.96
"1956-11-01",01nov1956,2.88
"1956-12-01",01dec1956,2.94
"1957-01-01",01jan1957,2.84
"1957-02-01",01feb1957,3
"1957-03-01",01mar1957,2.96
"1957-04-01",01apr1957,3
"1957-05-01",01may1957,3
"1957-06-01",01jun1957,3
"1957-07-01",01jul1957,2.99
"1957-08-01",01aug1957,3.24
"1957-09-01",01sep1957,3.47
"1957-10-01",01oct1957,3.5
"1957-11-01",01nov1957,3.28
"1957-12-01",01dec1957,2.98
"1958-01-01",01jan1958,2.72
"1958-02-01",01feb1958,1.67
"1958-03-01",01mar1958,1.2
"1958-04-01",01apr1958,1.26
"1958-05-01",01may1958,.63
"1958-06-01",01jun1958,.93
"1958-07-01",01jul1958,.68
"1958-08-01",01aug1958,1.53
"1958-09-01",01sep1958,1.76
"1958-10-01",01oct1958,1.8
"1958-11-01",01nov1958,2.27
"1958-12-01",01dec1958,2.42
"1959-01-01",01jan1959,2.48
"1959-02-01",01feb1959,2.43
"1959-03-01",01mar1959,2.8
"1959-04-01",01apr1959,2.96
"1959-05-01",01may1959,2.9
"1959-06-01",01jun1959,3.39
"1959-07-01",01jul1959,3.47
"1959-08-01",01aug1959,3.5
"1959-09-01",01sep1959,3.76
"1959-10-01",01oct1959,3.98
"1959-11-01",01nov1959,4
"1959-12-01",01dec1959,3.99
"1960-01-01",01jan1960,3.99
"1960-02-01",01feb1960,3.97
"1960-03-01",01mar1960,3.84
"1960-04-01",01apr1960,3.92
"1960-05-01",01may1960,3.85
"1960-06-01",01jun1960,3.32
"1960-07-01",01jul1960,3.23
"1960-08-01",01aug1960,2.98
"1960-09-01",01sep1960,2.6
"1960-10-01",01oct1960,2.47
"1960-11-01",01nov1960,2.44
"1960-12-01",01dec1960,1.98
"1961-01-01",01jan1961,1.45
"1961-02-01",01feb1961,2.54
"1961-03-01",01mar1961,2.02
"1961-04-01",01apr1961,1.49
"1961-05-01",01may1961,1.98
"1961-06-01",01jun1961,1.73
"1961-07-01",01jul1961,1.17
"1961-08-01",01aug1961,2
"1961-09-01",01sep1961,1.88
"1961-10-01",01oct1961,2.26
"1961-11-01",01nov1961,2.61
"1961-12-01",01dec1961,2.33
"1962-01-01",01jan1962,2.15
"1962-02-01",01feb1962,2.37
"1962-03-01",01mar1962,2.85
"1962-04-01",01apr1962,2.78
"1962-05-01",01may1962,2.36
"1962-06-01",01jun1962,2.68
"1962-07-01",01jul1962,2.71
"1962-08-01",01aug1962,2.93
"1962-09-01",01sep1962,2.9
"1962-10-01",01oct1962,2.9
"1962-11-01",01nov1962,2.94
"1962-12-01",01dec1962,2.93
"1963-01-01",01jan1963,2.92
"1963-02-01",01feb1963,3
"1963-03-01",01mar1963,2.98
"1963-04-01",01apr1963,2.9
"1963-05-01",01may1963,3
"1963-06-01",01jun1963,2.99
"1963-07-01",01jul1963,3.02
"1963-08-01",01aug1963,3.49
"1963-09-01",01sep1963,3.48
"1963-10-01",01oct1963,3.5
"1963-11-01",01nov1963,3.48
"1963-12-01",01dec1963,3.38
"1964-01-01",01jan1964,3.48
"1964-02-01",01feb1964,3.48
"1964-03-01",01mar1964,3.43
"1964-04-01",01apr1964,3.47
"1964-05-01",01may1964,3.5
"1964-06-01",01jun1964,3.5
"1964-07-01",01jul1964,3.42
"1964-08-01",01aug1964,3.5
"1964-09-01",01sep1964,3.45
"1964-10-01",01oct1964,3.36
"1964-11-01",01nov1964,3.52
"1964-12-01",01dec1964,3.85
"1965-01-01",01jan1965,3.9
"1965-02-01",01feb1965,3.98
"1965-03-01",01mar1965,4.04
"1965-04-01",01apr1965,4.09
"1965-05-01",01may1965,4.1
"1965-06-01",01jun1965,4.04
"1965-07-01",01jul1965,4.09
"1965-08-01",01aug1965,4.12
"1965-09-01",01sep1965,4.01
"1965-10-01",01oct1965,4.08
"1965-11-01",01nov1965,4.1
"1965-12-01",01dec1965,4.32
"1966-01-01",01jan1966,4.42
"1966-02-01",01feb1966,4.6
"1966-03-01",01mar1966,4.65
"1966-04-01",01apr1966,4.67
"1966-05-01",01may1966,4.9
"1966-06-01",01jun1966,5.17
"1966-07-01",01jul1966,5.3
"1966-08-01",01aug1966,5.53
"1966-09-01",01sep1966,5.4
"1966-10-01",01oct1966,5.53
"1966-11-01",01nov1966,5.76
"1966-12-01",01dec1966,5.4
"1967-01-01",01jan1967,4.94
"1967-02-01",01feb1967,5
"1967-03-01",01mar1967,4.53
"1967-04-01",01apr1967,4.05
"1967-05-01",01may1967,3.94
"1967-06-01",01jun1967,3.98
"1967-07-01",01jul1967,3.79
"1967-08-01",01aug1967,3.9
"1967-09-01",01sep1967,3.99
"1967-10-01",01oct1967,3.88
"1967-11-01",01nov1967,4.13
"1967-12-01",01dec1967,4.51
"1968-01-01",01jan1968,4.6
"1968-02-01",01feb1968,4.71
"1968-03-01",01mar1968,5.05
"1968-04-01",01apr1968,5.76
"1968-05-01",01may1968,6.11
"1968-06-01",01jun1968,6.07
"1968-07-01",01jul1968,6.02
"1968-08-01",01aug1968,6.03
"1968-09-01",01sep1968,5.78
"1968-10-01",01oct1968,5.91
"1968-11-01",01nov1968,5.82
"1968-12-01",01dec1968,6.02
"1969-01-01",01jan1969,6.3
"1969-02-01",01feb1969,6.61
"1969-03-01",01mar1969,6.79
"1969-04-01",01apr1969,7.41
"1969-05-01",01may1969,8.67
"1969-06-01",01jun1969,8.9
"1969-07-01",01jul1969,8.61
"1969-08-01",01aug1969,9.19
"1969-09-01",01sep1969,9.15
"1969-10-01",01oct1969,9
"1969-11-01",01nov1969,8.85
"1969-12-01",01dec1969,8.97
"1970-01-01",01jan1970,8.98
"1970-02-01",01feb1970,8.98
"1970-03-01",01mar1970,7.76
"1970-04-01",01apr1970,8.1
"1970-05-01",01may1970,7.94
"1970-06-01",01jun1970,7.6
"1970-07-01",01jul1970,7.21
"1970-08-01",01aug1970,6.61
"1970-09-01",01sep1970,6.29
"1970-10-01",01oct1970,6.2
"1970-11-01",01nov1970,5.6
"1970-12-01",01dec1970,4.9
"1971-01-01",01jan1971,4.14
"1971-02-01",01feb1971,3.72
"1971-03-01",01mar1971,3.71
"1971-04-01",01apr1971,4.15
"1971-05-01",01may1971,4.63
"1971-06-01",01jun1971,4.91
"1971-07-01",01jul1971,5.31
"1971-08-01",01aug1971,5.56
"1971-09-01",01sep1971,5.55
"1971-10-01",01oct1971,5.2
"1971-11-01",01nov1971,4.91
"1971-12-01",01dec1971,4.14
"1972-01-01",01jan1972,3.5
"1972-02-01",01feb1972,3.29
"1972-03-01",01mar1972,3.83
"1972-04-01",01apr1972,4.17
"1972-05-01",01may1972,4.27
"1972-06-01",01jun1972,4.46
"1972-07-01",01jul1972,4.55
"1972-08-01",01aug1972,4.8
"1972-09-01",01sep1972,4.87
"1972-10-01",01oct1972,5.04
"1972-11-01",01nov1972,5.06
"1972-12-01",01dec1972,5.33
"1973-01-01",01jan1973,5.94
"1973-02-01",01feb1973,6.58
"1973-03-01",01mar1973,7.09
"1973-04-01",01apr1973,7.12
"1973-05-01",01may1973,7.84
"1973-06-01",01jun1973,8.49
"1973-07-01",01jul1973,10.4
"1973-08-01",01aug1973,10.5
"1973-09-01",01sep1973,10.78
"1973-10-01",01oct1973,10.01
"1973-11-01",01nov1973,10.03
"1973-12-01",01dec1973,9.95
"1974-01-01",01jan1974,9.65
"1974-02-01",01feb1974,8.97
"1974-03-01",01mar1974,9.35
"1974-04-01",01apr1974,10.51
"1974-05-01",01may1974,11.31
"1974-06-01",01jun1974,11.93
"1974-07-01",01jul1974,12.92
"1974-08-01",01aug1974,12.01
"1974-09-01",01sep1974,11.34
"1974-10-01",01oct1974,10.06
"1974-11-01",01nov1974,9.45
"1974-12-01",01dec1974,8.53
"1975-01-01",01jan1975,7.13
"1975-02-01",01feb1975,6.24
"1975-03-01",01mar1975,5.54
"1975-04-01",01apr1975,5.49
"1975-05-01",01may1975,5.22
"1975-06-01",01jun1975,5.55
"1975-07-01",01jul1975,6.1
"1975-08-01",01aug1975,6.14
"1975-09-01",01sep1975,6.24
"1975-10-01",01oct1975,5.82
"1975-11-01",01nov1975,5.22
"1975-12-01",01dec1975,5.2
"1976-01-01",01jan1976,4.87
"1976-02-01",01feb1976,4.77
"1976-03-01",01mar1976,4.84
"1976-04-01",01apr1976,4.82
"1976-05-01",01may1976,5.29
"1976-06-01",01jun1976,5.48
"1976-07-01",01jul1976,5.31
"1976-08-01",01aug1976,5.29
"1976-09-01",01sep1976,5.25
"1976-10-01",01oct1976,5.02
"1976-11-01",01nov1976,4.95
"1976-12-01",01dec1976,4.65
"1977-01-01",01jan1977,4.61
"1977-02-01",01feb1977,4.68
"1977-03-01",01mar1977,4.69
"1977-04-01",01apr1977,4.73
"1977-05-01",01may1977,5.35
"1977-06-01",01jun1977,5.39
"1977-07-01",01jul1977,5.42
"1977-08-01",01aug1977,5.9
"1977-09-01",01sep1977,6.14
"1977-10-01",01oct1977,6.47
"1977-11-01",01nov1977,6.51
"1977-12-01",01dec1977,6.56
"1978-01-01",01jan1978,6.7
"1978-02-01",01feb1978,6.78
"1978-03-01",01mar1978,6.79
"1978-04-01",01apr1978,6.89
"1978-05-01",01may1978,7.36
"1978-06-01",01jun1978,7.6
"1978-07-01",01jul1978,7.81
"1978-08-01",01aug1978,8.04
"1978-09-01",01sep1978,8.45
"1978-10-01",01oct1978,8.96
"1978-11-01",01nov1978,9.76
"1978-12-01",01dec1978,10.03
"1979-01-01",01jan1979,10.07
"1979-02-01",01feb1979,10.06
"1979-03-01",01mar1979,10.09
"1979-04-01",01apr1979,10.01
"1979-05-01",01may1979,10.24
"1979-06-01",01jun1979,10.29
"1979-07-01",01jul1979,10.47
"1979-08-01",01aug1979,10.94
"1979-09-01",01sep1979,11.43
"1979-10-01",01oct1979,13.77
"1979-11-01",01nov1979,13.18
"1979-12-01",01dec1979,13.78
"1980-01-01",01jan1980,13.82
"1980-02-01",01feb1980,14.13
"1980-03-01",01mar1980,17.19
"1980-04-01",01apr1980,17.61
"1980-05-01",01may1980,10.98
"1980-06-01",01jun1980,9.47
"1980-07-01",01jul1980,9.03
"1980-08-01",01aug1980,9.61
"1980-09-01",01sep1980,10.87
"1980-10-01",01oct1980,12.81
"1980-11-01",01nov1980,15.85
"1980-12-01",01dec1980,18.9
"1981-01-01",01jan1981,19.08
"1981-02-01",01feb1981,15.93
"1981-03-01",01mar1981,14.7
"1981-04-01",01apr1981,15.72
"1981-05-01",01may1981,18.52
"1981-06-01",01jun1981,19.1
"1981-07-01",01jul1981,19.04
"1981-08-01",01aug1981,17.82
"1981-09-01",01sep1981,15.87
"1981-10-01",01oct1981,15.08
"1981-11-01",01nov1981,13.31
"1981-12-01",01dec1981,12.37
"1982-01-01",01jan1982,13.22
"1982-02-01",01feb1982,14.78
"1982-03-01",01mar1982,14.68
"1982-04-01",01apr1982,14.94
"1982-05-01",01may1982,14.45
"1982-06-01",01jun1982,14.15
"1982-07-01",01jul1982,12.59
"1982-08-01",01aug1982,10.12
"1982-09-01",01sep1982,10.31
"1982-10-01",01oct1982,9.71
"1982-11-01",01nov1982,9.2
"1982-12-01",01dec1982,8.95
"1983-01-01",01jan1983,8.68
"1983-02-01",01feb1983,8.51
"1983-03-01",01mar1983,8.77
"1983-04-01",01apr1983,8.8
"1983-05-01",01may1983,8.63
"1983-06-01",01jun1983,8.98
"1983-07-01",01jul1983,9.37
"1983-08-01",01aug1983,9.56
"1983-09-01",01sep1983,9.45
"1983-10-01",01oct1983,9.48
"1983-11-01",01nov1983,9.34
"1983-12-01",01dec1983,9.47
"1984-01-01",01jan1984,9.56
"1984-02-01",01feb1984,9.59
"1984-03-01",01mar1984,9.91
"1984-04-01",01apr1984,10.29
"1984-05-01",01may1984,10.32
"1984-06-01",01jun1984,11.06
"1984-07-01",01jul1984,11.23
"1984-08-01",01aug1984,11.64
"1984-09-01",01sep1984,11.3
"1984-10-01",01oct1984,9.99
"1984-11-01",01nov1984,9.43
"1984-12-01",01dec1984,8.38
"1985-01-01",01jan1985,8.35
"1985-02-01",01feb1985,8.5
"1985-03-01",01mar1985,8.58
"1985-04-01",01apr1985,8.27
"1985-05-01",01may1985,7.97
"1985-06-01",01jun1985,7.53
"1985-07-01",01jul1985,7.88
"1985-08-01",01aug1985,7.9
"1985-09-01",01sep1985,7.92
"1985-10-01",01oct1985,7.99
"1985-11-01",01nov1985,8.05
"1985-12-01",01dec1985,8.27
"1986-01-01",01jan1986,8.14
"1986-02-01",01feb1986,7.86
"1986-03-01",01mar1986,7.48
"1986-04-01",01apr1986,6.99
"1986-05-01",01may1986,6.85
"1986-06-01",01jun1986,6.92
"1986-07-01",01jul1986,6.56
"1986-08-01",01aug1986,6.17
"1986-09-01",01sep1986,5.89
"1986-10-01",01oct1986,5.85
"1986-11-01",01nov1986,6.04
"1986-12-01",01dec1986,6.91
"1987-01-01",01jan1987,6.43
"1987-02-01",01feb1987,6.1
"1987-03-01",01mar1987,6.13
"1987-04-01",01apr1987,6.37
"1987-05-01",01may1987,6.85
"1987-06-01",01jun1987,6.73
"1987-07-01",01jul1987,6.58
"1987-08-01",01aug1987,6.73
"1987-09-01",01sep1987,7.22
"1987-10-01",01oct1987,7.29
"1987-11-01",01nov1987,6.69
"1987-12-01",01dec1987,6.77
"1988-01-01",01jan1988,6.83
"1988-02-01",01feb1988,6.58
"1988-03-01",01mar1988,6.58
"1988-04-01",01apr1988,6.87
"1988-05-01",01may1988,7.09
"1988-06-01",01jun1988,7.51
"1988-07-01",01jul1988,7.75
"1988-08-01",01aug1988,8.01
"1988-09-01",01sep1988,8.19
"1988-10-01",01oct1988,8.3
"1988-11-01",01nov1988,8.35
"1988-12-01",01dec1988,8.76
"1989-01-01",01jan1989,9.12
"1989-02-01",01feb1989,9.36
"1989-03-01",01mar1989,9.85
"1989-04-01",01apr1989,9.84
"1989-05-01",01may1989,9.81
"1989-06-01",01jun1989,9.53
"1989-07-01",01jul1989,9.24
"1989-08-01",01aug1989,8.99
"1989-09-01",01sep1989,9.02
"1989-10-01",01oct1989,8.84
"1989-11-01",01nov1989,8.55
"1989-12-01",01dec1989,8.45
"1990-01-01",01jan1990,8.23
"1990-02-01",01feb1990,8.24
"1990-03-01",01mar1990,8.28
"1990-04-01",01apr1990,8.26
"1990-05-01",01may1990,8.18
"1990-06-01",01jun1990,8.29
"1990-07-01",01jul1990,8.15
"1990-08-01",01aug1990,8.13
"1990-09-01",01sep1990,8.2
"1990-10-01",01oct1990,8.11
"1990-11-01",01nov1990,7.81
"1990-12-01",01dec1990,7.31
"1991-01-01",01jan1991,6.91
"1991-02-01",01feb1991,6.25
"1991-03-01",01mar1991,6.12
"1991-04-01",01apr1991,5.91
"1991-05-01",01may1991,5.78
"1991-06-01",01jun1991,5.9
"1991-07-01",01jul1991,5.82
"1991-08-01",01aug1991,5.66
"1991-09-01",01sep1991,5.45
"1991-10-01",01oct1991,5.21
"1991-11-01",01nov1991,4.81
"1991-12-01",01dec1991,4.43
"1992-01-01",01jan1992,4.03
"1992-02-01",01feb1992,4.06
"1992-03-01",01mar1992,3.98
"1992-04-01",01apr1992,3.73
"1992-05-01",01may1992,3.82
"1992-06-01",01jun1992,3.76
"1992-07-01",01jul1992,3.25
"1992-08-01",01aug1992,3.3
"1992-09-01",01sep1992,3.22
"1992-10-01",01oct1992,3.1
"1992-11-01",01nov1992,3.09
"1992-12-01",01dec1992,2.92
"1993-01-01",01jan1993,3.02
"1993-02-01",01feb1993,3.03
"1993-03-01",01mar1993,3.07
"1993-04-01",01apr1993,2.96
"1993-05-01",01may1993,3
"1993-06-01",01jun1993,3.04
"1993-07-01",01jul1993,3.06
"1993-08-01",01aug1993,3.03
"1993-09-01",01sep1993,3.09
"1993-10-01",01oct1993,2.99
"1993-11-01",01nov1993,3.02
"1993-12-01",01dec1993,2.96
"1994-01-01",01jan1994,3.05
"1994-02-01",01feb1994,3.25
"1994-03-01",01mar1994,3.34
"1994-04-01",01apr1994,3.56
"1994-05-01",01may1994,4.01
"1994-06-01",01jun1994,4.25
"1994-07-01",01jul1994,4.26
"1994-08-01",01aug1994,4.47
"1994-09-01",01sep1994,4.73
"1994-10-01",01oct1994,4.76
"1994-11-01",01nov1994,5.29
"1994-12-01",01dec1994,5.45
"1995-01-01",01jan1995,5.53
"1995-02-01",01feb1995,5.92
"1995-03-01",01mar1995,5.98
"1995-04-01",01apr1995,6.05
"1995-05-01",01may1995,6.01
"1995-06-01",01jun1995,6
"1995-07-01",01jul1995,5.85
"1995-08-01",01aug1995,5.74
"1995-09-01",01sep1995,5.8
"1995-10-01",01oct1995,5.76
"1995-11-01",01nov1995,5.8
"1995-12-01",01dec1995,5.6
"1996-01-01",01jan1996,5.56
"1996-02-01",01feb1996,5.22
"1996-03-01",01mar1996,5.31
"1996-04-01",01apr1996,5.22
"1996-05-01",01may1996,5.24
"1996-06-01",01jun1996,5.27
"1996-07-01",01jul1996,5.4
"1996-08-01",01aug1996,5.22
"1996-09-01",01sep1996,5.3
"1996-10-01",01oct1996,5.24
"1996-11-01",01nov1996,5.31
"1996-12-01",01dec1996,5.29
"1997-01-01",01jan1997,5.25
"1997-02-01",01feb1997,5.19
"1997-03-01",01mar1997,5.39
"1997-04-01",01apr1997,5.51
"1997-05-01",01may1997,5.5
"1997-06-01",01jun1997,5.56
"1997-07-01",01jul1997,5.52
"1997-08-01",01aug1997,5.54
"1997-09-01",01sep1997,5.54
"1997-10-01",01oct1997,5.5
"1997-11-01",01nov1997,5.52
"1997-12-01",01dec1997,5.5
"1998-01-01",01jan1998,5.56
"1998-02-01",01feb1998,5.51
"1998-03-01",01mar1998,5.49
"1998-04-01",01apr1998,5.45
"1998-05-01",01may1998,5.49
"1998-06-01",01jun1998,5.56
"1998-07-01",01jul1998,5.54
"1998-08-01",01aug1998,5.55
"1998-09-01",01sep1998,5.51
"1998-10-01",01oct1998,5.07
"1998-11-01",01nov1998,4.83
"1998-12-01",01dec1998,4.68
"1999-01-01",01jan1999,4.63
"1999-02-01",01feb1999,4.76
"1999-03-01",01mar1999,4.81
"1999-04-01",01apr1999,4.74
"1999-05-01",01may1999,4.74
"1999-06-01",01jun1999,4.76
"1999-07-01",01jul1999,4.99
"1999-08-01",01aug1999,5.07
"1999-09-01",01sep1999,5.22
"1999-10-01",01oct1999,5.2
"1999-11-01",01nov1999,5.42
"1999-12-01",01dec1999,5.3
"2000-01-01",01jan2000,5.45
"2000-02-01",01feb2000,5.73
"2000-03-01",01mar2000,5.85
"2000-04-01",01apr2000,6.02
"2000-05-01",01may2000,6.27
"2000-06-01",01jun2000,6.53
"2000-07-01",01jul2000,6.54
"2000-08-01",01aug2000,6.5
"2000-09-01",01sep2000,6.52
"2000-10-01",01oct2000,6.51
"2000-11-01",01nov2000,6.51
"2000-12-01",01dec2000,6.4
"2001-01-01",01jan2001,5.98
"2001-02-01",01feb2001,5.49
"2001-03-01",01mar2001,5.31
"2001-04-01",01apr2001,4.8
"2001-05-01",01may2001,4.21
"2001-06-01",01jun2001,3.97
"2001-07-01",01jul2001,3.77
"2001-08-01",01aug2001,3.65
"2001-09-01",01sep2001,3.07
"2001-10-01",01oct2001,2.49
"2001-11-01",01nov2001,2.09
"2001-12-01",01dec2001,1.82
"2002-01-01",01jan2002,1.73
"2002-02-01",01feb2002,1.74
"2002-03-01",01mar2002,1.73
"2002-04-01",01apr2002,1.75
"2002-05-01",01may2002,1.75
"2002-06-01",01jun2002,1.75
"2002-07-01",01jul2002,1.73
"2002-08-01",01aug2002,1.74
"2002-09-01",01sep2002,1.75
"2002-10-01",01oct2002,1.75
"2002-11-01",01nov2002,1.34
"2002-12-01",01dec2002,1.24
"2003-01-01",01jan2003,1.24
"2003-02-01",01feb2003,1.26
"2003-03-01",01mar2003,1.25
"2003-04-01",01apr2003,1.26
"2003-05-01",01may2003,1.26
"2003-06-01",01jun2003,1.22
"2003-07-01",01jul2003,1.01
"2003-08-01",01aug2003,1.03
"2003-09-01",01sep2003,1.01
"2003-10-01",01oct2003,1.01
"2003-11-01",01nov2003,1
"2003-12-01",01dec2003,.98
"2004-01-01",01jan2004,1
"2004-02-01",01feb2004,1.01
"2004-03-01",01mar2004,1
"2004-04-01",01apr2004,1
"2004-05-01",01may2004,1
"2004-06-01",01jun2004,1.03
"2004-07-01",01jul2004,1.26
"2004-08-01",01aug2004,1.43
"2004-09-01",01sep2004,1.61
"2004-10-01",01oct2004,1.76
"2004-11-01",01nov2004,1.93
"2004-12-01",01dec2004,2.16
"2005-01-01",01jan2005,2.28
"2005-02-01",01feb2005,2.5
"2005-03-01",01mar2005,2.63
"2005-04-01",01apr2005,2.79
"2005-05-01",01may2005,3
"2005-06-01",01jun2005,3.04
"2005-07-01",01jul2005,3.26
"2005-08-01",01aug2005,3.5
"2005-09-01",01sep2005,3.62
"2005-10-01",01oct2005,3.78
"2005-11-01",01nov2005,4
"2005-12-01",01dec2005,4.16
"2006-01-01",01jan2006,4.29
"2006-02-01",01feb2006,4.49
"2006-03-01",01mar2006,4.59
"2006-04-01",01apr2006,4.79
"2006-05-01",01may2006,4.94
"2006-06-01",01jun2006,4.99
"2006-07-01",01jul2006,5.24
"2006-08-01",01aug2006,5.25
"2006-09-01",01sep2006,5.25
"2006-10-01",01oct2006,5.25
"2006-11-01",01nov2006,5.25
"2006-12-01",01dec2006,5.24
"2007-01-01",01jan2007,5.25
"2007-02-01",01feb2007,5.26
"2007-03-01",01mar2007,5.26
"2007-04-01",01apr2007,5.25
"2007-05-01",01may2007,5.25
"2007-06-01",01jun2007,5.25
"2007-07-01",01jul2007,5.26
"2007-08-01",01aug2007,5.02
"2007-09-01",01sep2007,4.94
"2007-10-01",01oct2007,4.76
"2007-11-01",01nov2007,4.49
"2007-12-01",01dec2007,4.24
"2008-01-01",01jan2008,3.94
"2008-02-01",01feb2008,2.98
"2008-03-01",01mar2008,2.61
"2008-04-01",01apr2008,2.28
"2008-05-01",01may2008,1.98
"2008-06-01",01jun2008,2
"2008-07-01",01jul2008,2.01
"2008-08-01",01aug2008,2
"2008-09-01",01sep2008,1.81
"2008-10-01",01oct2008,.97
"2008-11-01",01nov2008,.39
"2008-12-01",01dec2008,.16
"2009-01-01",01jan2009,.15
"2009-02-01",01feb2009,.22
"2009-03-01",01mar2009,.18
"2009-04-01",01apr2009,.15
"2009-05-01",01may2009,.18
"2009-06-01",01jun2009,.21
"2009-07-01",01jul2009,.16
"2009-08-01",01aug2009,.16
"2009-09-01",01sep2009,.15
"2009-10-01",01oct2009,.12
"2009-11-01",01nov2009,.12
"2009-12-01",01dec2009,.12
"2010-01-01",01jan2010,.11
"2010-02-01",01feb2010,.13
"2010-03-01",01mar2010,.16
"2010-04-01",01apr2010,.2
"2010-05-01",01may2010,.2
"2010-06-01",01jun2010,.18
"2010-07-01",01jul2010,.18
"2010-08-01",01aug2010,.19
"2010-09-01",01sep2010,.19
"2010-10-01",01oct2010,.19
"2010-11-01",01nov2010,.19
"2010-12-01",01dec2010,.18
"2011-01-01",01jan2011,.17
"2011-02-01",01feb2011,.16
"2011-03-01",01mar2011,.14
"2011-04-01",01apr2011,.1
"2011-05-01",01may2011,.09
"2011-06-01",01jun2011,.09
"2011-07-01",01jul2011,.07
"2011-08-01",01aug2011,.1
"2011-09-01",01sep2011,.08
"2011-10-01",01oct2011,.07
"2011-11-01",01nov2011,.08
"2011-12-01",01dec2011,.07
"2012-01-01",01jan2012,.08
"2012-02-01",01feb2012,.1
"2012-03-01",01mar2012,.13
"2012-04-01",01apr2012,.14
"2012-05-01",01may2012,.16
"2012-06-01",01jun2012,.16
"2012-07-01",01jul2012,.16
"2012-08-01",01aug2012,.13
"2012-09-01",01sep2012,.14
"2012-10-01",01oct2012,.16
"2012-11-01",01nov2012,.16
"2012-12-01",01dec2012,.16
"2013-01-01",01jan2013,.14
"2013-02-01",01feb2013,.15
"2013-03-01",01mar2013,.14
"2013-04-01",01apr2013,.15
"2013-05-01",01may2013,.11
"2013-06-01",01jun2013,.09
"2013-07-01",01jul2013,.09
"2013-08-01",01aug2013,.08
"2013-09-01",01sep2013,.08
"2013-10-01",01oct2013,.09
"2013-11-01",01nov2013,.08
"2013-12-01",01dec2013,.09
"2014-01-01",01jan2014,.07
"2014-02-01",01feb2014,.07
"2014-03-01",01mar2014,.08
"2014-04-01",01apr2014,.09
"2014-05-01",01may2014,.09
"2014-06-01",01jun2014,.1
"2014-07-01",01jul2014,.09
"2014-08-01",01aug2014,.09
"2014-09-01",01sep2014,.09
"2014-10-01",01oct2014,.09
"2014-11-01",01nov2014,.09
"2014-12-01",01dec2014,.12
"2015-01-01",01jan2015,.11
"2015-02-01",01feb2015,.11
"2015-03-01",01mar2015,.11
"2015-04-01",01apr2015,.12
"2015-05-01",01may2015,.12
"2015-06-01",01jun2015,.13
"2015-07-01",01jul2015,.13
"2015-08-01",01aug2015,.14
"2015-09-01",01sep2015,.14
"2015-10-01",01oct2015,.12
"2015-11-01",01nov2015,.12
"2015-12-01",01dec2015,.24
"2016-01-01",01jan2016,.34
"2016-02-01",01feb2016,.38
"2016-03-01",01mar2016,.36
"2016-04-01",01apr2016,.37
"2016-05-01",01may2016,.37
"2016-06-01",01jun2016,.38
"2016-07-01",01jul2016,.39
"2016-08-01",01aug2016,.4
"2016-09-01",01sep2016,.4
"2016-10-01",01oct2016,.4
"2016-11-01",01nov2016,.41
"2016-12-01",01dec2016,.54
"2017-01-01",01jan2017,.65
"2017-02-01",01feb2017,.66
"2017-03-01",01mar2017,.79
"2017-04-01",01apr2017,.9
"2017-05-01",01may2017,.91
"2017-06-01",01jun2017,1.04
"2017-07-01",01jul2017,1.15
"2017-08-01",01aug2017,1.16
"2017-09-01",01sep2017,1.15
"2017-10-01",01oct2017,1.15
"2017-11-01",01nov2017,1.16
"2017-12-01",01dec2017,1.3
"2018-01-01",01jan2018,1.41
"2018-02-01",01feb2018,1.42
"2018-03-01",01mar2018,1.51
"2018-04-01",01apr2018,1.69
"2018-05-01",01may2018,1.7
"2018-06-01",01jun2018,1.82
"2018-07-01",01jul2018,1.91
"2018-08-01",01aug2018,1.91
"2018-09-01",01sep2018,1.95
"2018-10-01",01oct2018,2.19
"2018-11-01",01nov2018,2.2
"2018-12-01",01dec2018,2.27
"2019-01-01",01jan2019,2.4
"2019-02-01",01feb2019,2.4
"2019-03-01",01mar2019,2.41
"2019-04-01",01apr2019,2.42
"2019-05-01",01may2019,2.39
"2019-06-01",01jun2019,2.38
"2019-07-01",01jul2019,2.4
"2019-08-01",01aug2019,2.13
"2019-09-01",01sep2019,2.04
"2019-10-01",01oct2019,1.83
"2019-11-01",01nov2019,1.55
"2019-12-01",01dec2019,1.55
"2020-01-01",01jan2020,1.55
"2020-02-01",01feb2020,1.58
"2020-03-01",01mar2020,.65
"2020-04-01",01apr2020,.05
"2020-05-01",01may2020,.05
"2020-06-01",01jun2020,.08
