datestr,daten,INDPRO,FEDFUNDS,CPILFESL,UNRATE,DPCCRAM1M225NBEA,INDPRO_PCH
2/1/1959,1-Feb-59,23.0681,2.43,29.9,5.9,1.6,1.95845
3/1/1959,1-Mar-59,23.4004,2.8,30,5.6,1.7,1.44052
4/1/1959,1-Apr-59,23.8989,2.96,30,5.2,-0.3,2.13031
5/1/1959,1-May-59,24.2589,2.9,30.1,5.1,0.9,1.50635
6/1/1959,1-Jun-59,24.2866,3.39,30.2,5,0.4,0.11418
7/1/1959,1-Jul-59,23.705,3.47,30.2,5.1,-0.3,-2.39474
8/1/1959,1-Aug-59,22.9019,3.5,30.2,5.2,0.8,-3.38789
9/1/1959,1-Sep-59,22.8743,3.76,30.3,5.5,1.4,-0.12051
10/1/1959,1-Oct-59,22.7081,3.98,30.4,5.7,-1.1,-0.72658
11/1/1959,1-Nov-59,22.8466,4,30.4,5.8,0,0.60991
12/1/1959,1-Dec-59,24.2589,3.99,30.5,5.3,-0.3,6.18166
1/1/1960,1-Jan-60,24.8958,3.99,30.5,5.2,0.6,2.62543
2/1/1960,1-Feb-60,24.6743,3.97,30.6,4.8,0.7,-0.88971
3/1/1960,1-Mar-60,24.4528,3.84,30.6,5.4,1,-0.8977
4/1/1960,1-Apr-60,24.2589,3.92,30.6,5.2,2.1,-0.79296
5/1/1960,1-May-60,24.2312,3.85,30.6,5.1,-2.3,-0.11418
6/1/1960,1-Jun-60,23.9266,3.32,30.7,5.4,-0.1,-1.25706
7/1/1960,1-Jul-60,23.8435,3.23,30.6,5.5,0.2,-0.34731
8/1/1960,1-Aug-60,23.8158,2.98,30.6,5.6,0.3,-0.11617
9/1/1960,1-Sep-60,23.5666,2.6,30.6,5.5,0.6,-1.04636
10/1/1960,1-Oct-60,23.5389,2.47,30.8,6.1,0.6,-0.11754
11/1/1960,1-Nov-60,23.2066,2.44,30.8,6.1,-0.9,-1.41171
12/1/1960,1-Dec-60,22.7635,1.98,30.7,6.6,-1.2,-1.90937
1/1/1961,1-Jan-61,22.7912,1.45,30.8,6.6,0.1,0.12169
2/1/1961,1-Feb-61,22.7635,2.54,30.8,6.9,0.5,-0.12154
3/1/1961,1-Mar-61,22.902,2.02,30.9,6.9,1.5,0.60843
4/1/1961,1-Apr-61,23.3727,1.49,30.9,7,-0.4,2.05528
5/1/1961,1-May-61,23.7327,1.98,30.9,7.1,0.9,1.54026
6/1/1961,1-Jun-61,24.065,1.73,31,6.9,0.2,1.40018
7/1/1961,1-Jul-61,24.342,1.17,31,7,0.1,1.15105
8/1/1961,1-Aug-61,24.5635,2,31.1,6.6,0.2,0.90995
9/1/1961,1-Sep-61,24.5358,1.88,31.1,6.7,0.6,-0.11277
10/1/1961,1-Oct-61,25.0066,2.26,31.1,6.5,1,1.91883
11/1/1961,1-Nov-61,25.3943,2.61,31.2,6.1,1.2,1.55039
12/1/1961,1-Dec-61,25.6158,2.33,31.2,6,0.7,0.87224
1/1/1962,1-Jan-62,25.3943,2.15,31.2,5.8,0.1,-0.8647
2/1/1962,1-Feb-62,25.8097,2.37,31.2,5.5,-0.2,1.6358
3/1/1962,1-Mar-62,25.9482,2.85,31.3,5.6,0.9,0.53662
4/1/1962,1-Apr-62,26.0035,2.78,31.3,5.6,0.8,0.21312
5/1/1962,1-May-62,25.9758,2.36,31.4,5.5,0.8,-0.10652
6/1/1962,1-Jun-62,25.9205,2.68,31.4,5.5,-0.6,-0.21289
7/1/1962,1-Jul-62,26.1697,2.71,31.4,5.4,0.3,0.9614
8/1/1962,1-Aug-62,26.1974,2.93,31.5,5.7,0.3,0.10585
9/1/1962,1-Sep-62,26.3635,2.9,31.5,5.6,1.5,0.63403
10/1/1962,1-Oct-62,26.3912,2.9,31.5,5.4,-0.7,0.10507
11/1/1962,1-Nov-62,26.502,2.94,31.5,5.7,1.7,0.41984
12/1/1962,1-Dec-62,26.502,2.93,31.6,5.5,0.6,0
1/1/1963,1-Jan-63,26.6958,2.92,31.5,5.7,-0.3,0.73127
2/1/1963,1-Feb-63,27.0005,3,31.6,5.9,-0.3,1.14138
3/1/1963,1-Mar-63,27.1666,2.98,31.7,5.7,0.6,0.61517
4/1/1963,1-Apr-63,27.4159,2.9,31.7,5.7,0.6,0.91767
5/1/1963,1-May-63,27.7482,3,31.7,5.9,-0.1,1.21207
6/1/1963,1-Jun-63,27.8313,2.99,31.8,5.6,1.4,0.29948
7/1/1963,1-Jul-63,27.7205,3.02,31.8,5.6,0.5,-0.39811
8/1/1963,1-Aug-63,27.7759,3.49,31.9,5.4,0.2,0.19985
9/1/1963,1-Sep-63,28.0528,3.48,31.9,5.5,0,0.99691
10/1/1963,1-Oct-63,28.2466,3.5,32,5.5,0,0.69084
11/1/1963,1-Nov-63,28.3851,3.48,32,5.7,0.9,0.49032
12/1/1963,1-Dec-63,28.3297,3.38,32.1,5.5,1.3,-0.19517
1/1/1964,1-Jan-64,28.579,3.48,32.2,5.6,0.4,0.88
2/1/1964,1-Feb-64,28.7728,3.48,32.2,5.4,0.8,0.67812
3/1/1964,1-Mar-64,28.7728,3.43,32.2,5.4,0.2,0
4/1/1964,1-Apr-64,29.2436,3.47,32.2,5.3,0.2,1.63627
5/1/1964,1-May-64,29.4098,3.5,32.2,5.1,1.5,0.56833
6/1/1964,1-Jun-64,29.4928,3.5,32.3,5.2,0.6,0.28222
7/1/1964,1-Jul-64,29.6867,3.42,32.3,4.9,0.7,0.65745
8/1/1964,1-Aug-64,29.8805,3.5,32.3,5,0.5,0.65282
9/1/1964,1-Sep-64,29.9913,3.45,32.3,5.1,-0.4,0.37081
10/1/1964,1-Oct-64,29.5759,3.36,32.4,5.1,0.7,-1.38507
11/1/1964,1-Nov-64,30.4898,3.52,32.5,4.8,-0.7,3.09002
12/1/1964,1-Dec-64,30.8498,3.85,32.5,5,0.5,1.18072
1/1/1965,1-Jan-65,31.1821,3.9,32.6,4.9,1.3,1.07715
2/1/1965,1-Feb-65,31.376,3.98,32.6,5.1,1.6,0.62183
3/1/1965,1-Mar-65,31.7913,4.04,32.6,4.7,0.6,1.32362
4/1/1965,1-Apr-65,31.9298,4.09,32.7,4.8,0.6,0.43565
5/1/1965,1-May-65,32.179,4.1,32.7,4.6,-0.2,0.78046
6/1/1965,1-Jun-65,32.4283,4.04,32.7,4.6,-1,0.77473
7/1/1965,1-Jul-65,32.7329,4.09,32.7,4.4,1.3,0.9393
8/1/1965,1-Aug-65,32.8713,4.12,32.7,4.4,0.8,0.42282
9/1/1965,1-Sep-65,32.9544,4.01,32.8,4.3,2.3,0.2528
10/1/1965,1-Oct-65,33.2868,4.08,32.8,4.2,0.6,1.00867
11/1/1965,1-Nov-65,33.4252,4.1,32.9,4.1,0.3,0.41578
12/1/1965,1-Dec-65,33.8406,4.32,33,4,0,1.24277
1/1/1966,1-Jan-66,34.1729,4.42,33,4,1,0.98196
2/1/1966,1-Feb-66,34.3945,4.6,33.1,3.8,0.9,0.64847
3/1/1966,1-Mar-66,34.8652,4.65,33.1,3.8,1,1.36853
4/1/1966,1-Apr-66,34.9206,4.67,33.3,3.8,-0.2,0.1589
5/1/1966,1-May-66,35.2529,4.9,33.4,3.9,-1.2,0.95159
6/1/1966,1-Jun-66,35.4191,5.17,33.5,3.8,0.3,0.47145
7/1/1966,1-Jul-66,35.6129,5.3,33.6,3.8,0.8,0.54716
8/1/1966,1-Aug-66,35.6406,5.53,33.7,3.8,0.6,0.07778
9/1/1966,1-Sep-66,35.9729,5.4,33.8,3.7,1.1,0.93236
10/1/1966,1-Oct-66,36.2221,5.53,34,3.7,-0.4,0.69274
11/1/1966,1-Nov-66,35.9729,5.76,34,3.6,0,-0.68798
12/1/1966,1-Dec-66,36.056,5.4,34.1,3.8,0.1,0.23101
1/1/1967,1-Jan-67,36.2261,4.94,34.2,3.9,0.5,0.47177
2/1/1967,1-Feb-67,35.8152,5,34.2,3.8,-0.7,-1.13427
3/1/1967,1-Mar-67,35.6133,4.53,34.3,3.8,0.7,-0.56373
4/1/1967,1-Apr-67,35.9492,4.05,34.4,3.8,1.1,0.94319
5/1/1967,1-May-67,35.6356,3.94,34.5,3.8,-0.2,-0.87234
6/1/1967,1-Jun-67,35.6311,3.98,34.6,3.9,0.8,-0.01263
7/1/1967,1-Jul-67,35.55,3.79,34.7,3.8,-0.2,-0.22761
8/1/1967,1-Aug-67,36.2311,3.9,34.9,3.8,0.4,1.91589
9/1/1967,1-Sep-67,36.1723,3.99,35,3.8,0.9,-0.16229
10/1/1967,1-Oct-67,36.4669,3.88,35.1,4,-1.2,0.81444
11/1/1967,1-Nov-67,36.9884,4.13,35.2,3.9,0.6,1.43006
12/1/1967,1-Dec-67,37.3868,4.51,35.4,3.8,1.2,1.07709
1/1/1968,1-Jan-68,37.3465,4.6,35.5,3.7,1.1,-0.10779
2/1/1968,1-Feb-68,37.4804,4.71,35.7,3.8,0.1,0.35853
3/1/1968,1-Mar-68,37.5974,5.05,35.8,3.7,1.6,0.31216
4/1/1968,1-Apr-68,37.6518,5.76,35.9,3.5,-0.2,0.14469
5/1/1968,1-May-68,38.0741,6.11,36,3.5,0.8,1.12159
6/1/1968,1-Jun-68,38.214,6.07,36.2,3.7,0.7,0.36744
7/1/1968,1-Jul-68,38.1554,6.02,36.4,3.7,1,-0.15335
8/1/1968,1-Aug-68,38.2619,6.03,36.5,3.5,0.2,0.27912
9/1/1968,1-Sep-68,38.4068,5.78,36.7,3.4,0,0.37871
10/1/1968,1-Oct-68,38.483,5.91,36.9,3.4,0.3,0.1984
11/1/1968,1-Nov-68,38.9808,5.82,37.1,3.4,0.3,1.29356
12/1/1968,1-Dec-68,39.1039,6.02,37.2,3.4,-0.1,0.3158
1/1/1969,1-Jan-69,39.3405,6.3,37.3,3.4,0.8,0.60505
2/1/1969,1-Feb-69,39.5922,6.61,37.6,3.4,0.6,0.6398
3/1/1969,1-Mar-69,39.9027,6.79,37.8,3.4,-0.5,0.78425
4/1/1969,1-Apr-69,39.7559,7.41,38.1,3.4,0.7,-0.36789
5/1/1969,1-May-69,39.6056,8.67,38.1,3.4,0.6,-0.37806
6/1/1969,1-Jun-69,39.9925,8.9,38.3,3.5,-0.1,0.97688
7/1/1969,1-Jul-69,40.2037,8.61,38.5,3.5,-0.3,0.5281
8/1/1969,1-Aug-69,40.2961,9.19,38.7,3.5,0.9,0.22983
9/1/1969,1-Sep-69,40.287,9.15,38.9,3.7,0.4,-0.02258
10/1/1969,1-Oct-69,40.2988,9,39.1,3.7,0.1,0.02929
11/1/1969,1-Nov-69,39.9189,8.85,39.2,3.5,-0.1,-0.94271
12/1/1969,1-Dec-69,39.8118,8.97,39.4,3.5,0,-0.26829
1/1/1970,1-Jan-70,39.0746,8.98,39.6,3.9,0.2,-1.85171
2/1/1970,1-Feb-70,39.0488,8.98,39.8,4.2,0.9,-0.06603
3/1/1970,1-Mar-70,38.9981,7.76,40.1,4.4,-0.9,-0.12984
4/1/1970,1-Apr-70,38.8979,8.1,40.4,4.6,0.4,-0.25694
5/1/1970,1-May-70,38.8525,7.94,40.5,4.8,0.7,-0.11672
6/1/1970,1-Jun-70,38.7269,7.6,40.8,4.9,0.3,-0.32327
7/1/1970,1-Jul-70,38.8219,7.21,40.9,5,0,0.24531
8/1/1970,1-Aug-70,38.7527,6.61,41.1,5.1,0.4,-0.17825
9/1/1970,1-Sep-70,38.4856,6.29,41.3,5.4,0.4,-0.68924
10/1/1970,1-Oct-70,37.7157,6.2,41.5,5.5,-0.5,-2.00049
11/1/1970,1-Nov-70,37.4873,5.6,41.8,5.9,-1.1,-0.60558
12/1/1970,1-Dec-70,38.3482,4.9,42,6.1,0.8,2.29651
1/1/1971,1-Jan-71,38.6432,4.14,42.1,5.9,1.8,0.76927
2/1/1971,1-Feb-71,38.5695,3.72,42.2,5.9,0.2,-0.19072
3/1/1971,1-Mar-71,38.5278,3.71,42.2,6,0.3,-0.10812
4/1/1971,1-Apr-71,38.7441,4.15,42.4,5.9,0.6,0.56141
5/1/1971,1-May-71,38.9407,4.63,42.6,5.9,0,0.50743
6/1/1971,1-Jun-71,39.104,4.91,42.8,5.9,0.9,0.41936
7/1/1971,1-Jul-71,38.9905,5.31,42.9,6,-0.3,-0.29025
8/1/1971,1-Aug-71,38.7642,5.56,43,6.1,0.9,-0.5804
9/1/1971,1-Sep-71,39.3942,5.55,43,6,1.1,1.62521
10/1/1971,1-Oct-71,39.6891,5.2,43.1,5.8,0.3,0.74859
11/1/1971,1-Nov-71,39.8576,4.91,43.2,6,0.6,0.42455
12/1/1971,1-Dec-71,40.3177,4.14,43.3,6,0.8,1.15436
1/1/1972,1-Jan-72,41.2876,3.5,43.5,5.8,0.5,2.40564
2/1/1972,1-Feb-72,41.6865,3.29,43.6,5.7,0,0.96615
3/1/1972,1-Mar-72,41.9746,3.83,43.6,5.8,1.5,0.69111
4/1/1972,1-Apr-72,42.4183,4.17,43.8,5.7,0.2,1.05707
5/1/1972,1-May-72,42.3963,4.27,43.9,5.7,0.5,-0.05186
6/1/1972,1-Jun-72,42.5166,4.46,44,5.7,0.4,0.28375
7/1/1972,1-Jul-72,42.498,4.55,44.1,5.6,0.9,-0.04375
8/1/1972,1-Aug-72,43.0629,4.8,44.3,5.6,0.6,1.32924
9/1/1972,1-Sep-72,43.3918,4.87,44.3,5.5,0.2,0.76377
10/1/1972,1-Oct-72,43.9718,5.04,44.4,5.6,1.6,1.33666
11/1/1972,1-Nov-72,44.4919,5.06,44.4,5.3,0.5,1.1828
12/1/1972,1-Dec-72,45.0015,5.33,44.6,5.2,0.4,1.14538
1/1/1973,1-Jan-73,45.2942,5.94,44.6,4.9,1.4,0.65042
2/1/1973,1-Feb-73,45.9656,6.58,44.8,5,0.8,1.48231
3/1/1973,1-Mar-73,45.9872,7.09,45,4.9,0.6,0.04699
4/1/1973,1-Apr-73,45.9237,7.12,45.1,5,-0.4,-0.13808
5/1/1973,1-May-73,46.2192,7.84,45.3,4.9,0.2,0.64346
6/1/1973,1-Jun-73,46.2509,8.49,45.4,4.9,-0.2,0.06859
7/1/1973,1-Jul-73,46.4421,10.4,45.5,4.8,0.2,0.4134
8/1/1973,1-Aug-73,46.3648,10.5,45.7,4.8,-0.5,-0.16644
9/1/1973,1-Sep-73,46.7803,10.78,46,4.8,1.4,0.89615
10/1/1973,1-Oct-73,47.0954,10.01,46.3,4.6,-0.7,0.67357
11/1/1973,1-Nov-73,47.3445,10.03,46.5,4.8,0.2,0.52893
12/1/1973,1-Dec-73,47.2315,9.95,46.7,4.9,-0.6,-0.23868
1/1/1974,1-Jan-74,46.8994,9.65,46.9,5.1,0.2,-0.70313
2/1/1974,1-Feb-74,46.7538,8.97,47.2,5.2,-0.5,-0.31045
3/1/1974,1-Mar-74,46.7685,9.35,47.6,5.1,0.5,0.03144
4/1/1974,1-Apr-74,46.6069,10.51,47.9,5.1,0.2,-0.34553
5/1/1974,1-May-74,46.9743,11.31,48.5,5.1,0.3,0.7883
6/1/1974,1-Jun-74,46.9233,11.93,49,5.4,-0.6,-0.10857
7/1/1974,1-Jul-74,46.9464,12.92,49.5,5.5,0,0.04923
8/1/1974,1-Aug-74,46.4907,12.01,50.2,5.5,0.9,-0.97068
9/1/1974,1-Sep-74,46.5136,11.34,50.7,5.9,-1.1,0.04926
10/1/1974,1-Oct-74,46.3401,10.06,51.2,6,-0.6,-0.37301
11/1/1974,1-Nov-74,44.8209,9.45,51.6,6.6,-1,-3.27837
12/1/1974,1-Dec-74,43.234,8.53,52,7.2,-0.1,-3.54054
1/1/1975,1-Jan-75,42.6409,7.13,52.3,8.1,1.2,-1.37184
2/1/1975,1-Feb-75,41.6602,6.24,52.8,8.1,0.9,-2.2999
3/1/1975,1-Mar-75,41.2135,5.54,53,8.6,-0.7,-1.07225
4/1/1975,1-Apr-75,41.246,5.49,53.3,8.8,-0.2,0.07886
5/1/1975,1-May-75,41.1515,5.22,53.5,9,2.3,-0.22911
6/1/1975,1-Jun-75,41.4224,5.55,53.8,8.8,0.3,0.6583
7/1/1975,1-Jul-75,41.8234,6.1,54,8.6,0.4,0.96808
8/1/1975,1-Aug-75,42.2573,6.14,54.2,8.4,0.3,1.03746
9/1/1975,1-Sep-75,42.7796,6.24,54.5,8.4,0.5,1.236
10/1/1975,1-Oct-75,42.9687,5.82,54.8,8.4,0.3,0.44203
11/1/1975,1-Nov-75,43.0614,5.22,55.2,8.3,1.2,0.21574
12/1/1975,1-Dec-75,43.5973,5.2,55.5,8.2,0.9,1.2445
1/1/1976,1-Jan-76,44.2288,4.87,55.9,7.9,0.6,1.44848
2/1/1976,1-Feb-76,44.6725,4.77,56.2,7.7,0.2,1.00319
3/1/1976,1-Mar-76,44.7125,4.84,56.5,7.6,0.3,0.08954
4/1/1976,1-Apr-76,44.9643,4.82,56.7,7.7,0.6,0.56315
5/1/1976,1-May-76,45.1741,5.29,57,7.4,-0.9,0.46659
6/1/1976,1-Jun-76,45.183,5.48,57.2,7.6,1.2,0.0197
7/1/1976,1-Jul-76,45.4535,5.31,57.6,7.8,0.5,0.59868
8/1/1976,1-Aug-76,45.7737,5.29,57.9,7.8,0,0.70446
9/1/1976,1-Sep-76,45.9031,5.25,58.2,7.6,0.4,0.2827
10/1/1976,1-Oct-76,45.9207,5.02,58.5,7.7,0,0.03834
11/1/1976,1-Nov-76,46.5978,4.95,58.7,7.8,0.6,1.4745
12/1/1976,1-Dec-76,47.0854,4.65,58.9,7.8,1.5,1.0464
1/1/1977,1-Jan-77,46.8276,4.61,59.3,7.5,-0.7,-0.54752
2/1/1977,1-Feb-77,47.5417,4.68,59.7,7.6,1.4,1.52496
3/1/1977,1-Mar-77,48.131,4.69,60,7.4,0.7,1.23954
4/1/1977,1-Apr-77,48.5838,4.73,60.3,7.2,0,0.94077
5/1/1977,1-May-77,48.9891,5.35,60.6,7,0.2,0.83423
6/1/1977,1-Jun-77,49.3428,5.39,61,7.2,-0.2,0.722
7/1/1977,1-Jul-77,49.412,5.42,61.2,6.9,0.8,0.14024
8/1/1977,1-Aug-77,49.4259,5.9,61.5,7,0.1,0.02813
9/1/1977,1-Sep-77,49.6639,6.14,61.8,6.8,0.4,0.48153
10/1/1977,1-Oct-77,49.7592,6.47,62,6.8,0.7,0.19189
11/1/1977,1-Nov-77,49.8117,6.51,62.3,6.8,0.8,0.10551
12/1/1977,1-Dec-77,49.8949,6.56,62.7,6.4,0.3,0.16703
1/1/1978,1-Jan-78,49.2066,6.7,63.1,6.4,-1.2,-1.3795
2/1/1978,1-Feb-78,49.4502,6.78,63.4,6.3,1.4,0.49506
3/1/1978,1-Mar-78,50.3928,6.79,63.8,6.3,1.4,1.90616
4/1/1978,1-Apr-78,51.4368,6.89,64.3,6.1,1.1,2.07172
5/1/1978,1-May-78,51.6276,7.36,64.7,6,0.4,0.37094
6/1/1978,1-Jun-78,51.9833,7.6,65.2,5.9,0.6,0.68897
7/1/1978,1-Jul-78,51.9592,7.81,65.6,6.2,-0.5,-0.04636
8/1/1978,1-Aug-78,52.1543,8.04,66.1,5.9,1,0.37549
9/1/1978,1-Sep-78,52.286,8.45,66.7,6,-0.4,0.25252
10/1/1978,1-Oct-78,52.7054,8.96,67.2,5.8,0.4,0.80213
11/1/1978,1-Nov-78,53.1047,9.76,67.6,5.9,0.2,0.75761
12/1/1978,1-Dec-78,53.3886,10.03,68,6,0.6,0.5346
1/1/1979,1-Jan-79,53.0453,10.07,68.5,5.9,-0.5,-0.64302
2/1/1979,1-Feb-79,53.3303,10.06,69.2,5.9,0.3,0.53728
3/1/1979,1-Mar-79,53.4973,10.09,69.8,5.8,0.7,0.31314
4/1/1979,1-Apr-79,52.8938,10.01,70.3,5.8,-0.5,-1.12809
5/1/1979,1-May-79,53.3187,10.24,70.8,5.6,0.4,0.80331
6/1/1979,1-Jun-79,53.3157,10.29,71.3,5.7,-0.1,-0.00563
7/1/1979,1-Jul-79,53.2433,10.47,71.9,5.7,0.6,-0.13579
8/1/1979,1-Aug-79,52.8899,10.94,72.7,6,0.8,-0.66375
9/1/1979,1-Sep-79,52.9486,11.43,73.3,5.9,0.2,0.11099
10/1/1979,1-Oct-79,53.239,13.77,74,6,-0.3,0.54846
11/1/1979,1-Nov-79,53.1918,13.18,74.8,5.9,0.3,-0.08866
12/1/1979,1-Dec-79,53.2603,13.78,75.7,6,-0.3,0.12878
1/1/1980,1-Jan-80,53.5037,13.82,76.7,6.3,1.2,0.457
2/1/1980,1-Feb-80,53.5053,14.13,77.5,6.3,-1.4,0.00299
3/1/1980,1-Mar-80,53.3294,17.19,78.6,6.3,-1.3,-0.32875
4/1/1980,1-Apr-80,52.2336,17.61,79.5,6.9,-1.1,-2.05478
5/1/1980,1-May-80,50.9638,10.98,80.1,7.5,-0.4,-2.431
6/1/1980,1-Jun-80,50.3348,9.47,81,7.6,0.5,-1.23421
7/1/1980,1-Jul-80,49.9462,9.03,80.8,7.8,1.3,-0.77203
8/1/1980,1-Aug-80,50.1256,9.61,81.3,7.7,0.1,0.35919
9/1/1980,1-Sep-80,50.9386,10.87,82.1,7.5,0.4,1.62193
10/1/1980,1-Oct-80,51.5813,12.81,83,7.5,1.5,1.26172
11/1/1980,1-Nov-80,52.4717,15.85,83.9,7.5,-0.2,1.72621
12/1/1980,1-Dec-80,52.7685,18.9,84.9,7.2,0.6,0.56564
1/1/1981,1-Jan-81,52.4668,19.08,85.4,7.5,-0.1,-0.57174
2/1/1981,1-Feb-81,52.226,15.93,85.9,7.4,0.4,-0.45896
3/1/1981,1-Mar-81,52.5025,14.7,86.4,7.4,0.3,0.52943
4/1/1981,1-Apr-81,52.2691,15.72,87,7.2,-0.5,-0.44455
5/1/1981,1-May-81,52.5803,18.52,87.8,7.5,-0.5,0.59538
6/1/1981,1-Jun-81,52.8284,19.1,88.6,7.5,0.4,0.47185
7/1/1981,1-Jul-81,53.1751,19.04,89.8,7.2,0.2,0.65628
8/1/1981,1-Aug-81,53.1679,17.82,90.7,7.4,1,-0.01354
9/1/1981,1-Sep-81,52.8514,15.87,91.8,7.6,-0.8,-0.59528
10/1/1981,1-Oct-81,52.4949,15.08,92.1,7.9,-1,-0.67453
11/1/1981,1-Nov-81,51.894,13.31,92.5,8.3,0.1,-1.14468
12/1/1981,1-Dec-81,51.3274,12.37,93,8.5,0.2,-1.09184
1/1/1982,1-Jan-82,50.3043,13.22,93.3,8.6,-0.2,-1.99328
2/1/1982,1-Feb-82,51.3016,14.78,93.8,8.9,1.2,1.98253
3/1/1982,1-Mar-82,50.9104,14.68,93.9,9,-0.1,-0.76255
4/1/1982,1-Apr-82,50.4627,14.94,94.7,9.3,-0.3,-0.87939
5/1/1982,1-May-82,50.138,14.45,95.4,9.4,0.9,-0.64345
6/1/1982,1-Jun-82,49.9692,14.15,96.1,9.6,-0.7,-0.33667
7/1/1982,1-Jul-82,49.8138,12.59,96.7,9.8,0.6,-0.31099
8/1/1982,1-Aug-82,49.3773,10.12,97.1,9.8,0.3,-0.87626
9/1/1982,1-Sep-82,49.226,10.31,97.2,10.1,1,-0.30642
10/1/1982,1-Oct-82,48.7874,9.71,97.5,10.4,0.3,-0.89099
11/1/1982,1-Nov-82,48.592,9.2,97.3,10.8,1,-0.40051
12/1/1982,1-Dec-82,48.2424,8.95,97.2,10.8,0.7,-0.71946
1/1/1983,1-Jan-83,49.1762,8.68,97.6,10.4,0.3,1.93564
2/1/1983,1-Feb-83,48.8688,8.51,98,10.4,-0.1,-0.6251
3/1/1983,1-Mar-83,49.2654,8.77,98.2,10.3,0.8,0.81156
4/1/1983,1-Apr-83,49.8675,8.8,98.6,10.2,0.8,1.22216
5/1/1983,1-May-83,50.2084,8.63,98.9,10.1,1,0.68361
6/1/1983,1-Jun-83,50.5089,8.98,99.2,10.1,0.9,0.59851
7/1/1983,1-Jul-83,51.2733,9.37,99.8,9.4,0.6,1.5134
8/1/1983,1-Aug-83,51.8454,9.56,100.1,9.5,0.1,1.11579
9/1/1983,1-Sep-83,52.6303,9.45,100.5,9.2,0.6,1.51392
10/1/1983,1-Oct-83,53.0679,9.48,101,8.8,1.1,0.83146
11/1/1983,1-Nov-83,53.2534,9.34,101.5,8.5,0.2,0.34955
12/1/1983,1-Dec-83,53.5343,9.47,101.8,8.3,0.6,0.52748
1/1/1984,1-Jan-84,54.6008,9.56,102.5,8,1.3,1.99218
2/1/1984,1-Feb-84,54.835,9.59,102.8,7.8,-0.6,0.42893
3/1/1984,1-Mar-84,55.1052,9.91,103.2,7.8,0,0.49275
4/1/1984,1-Apr-84,55.4514,10.29,103.7,7.7,0.8,0.62825
5/1/1984,1-May-84,55.7141,10.32,104.1,7.4,0.6,0.47375
6/1/1984,1-Jun-84,55.9085,11.06,104.5,7.2,0.7,0.34892
7/1/1984,1-Jul-84,56.0842,11.23,105,7.5,-0.2,0.31426
8/1/1984,1-Aug-84,56.1376,11.64,105.4,7.5,0.4,0.09521
9/1/1984,1-Sep-84,56.0382,11.3,105.8,7.3,0.7,-0.17706
10/1/1984,1-Oct-84,55.9459,9.99,106.2,7.4,-0.2,-0.16471
11/1/1984,1-Nov-84,56.1667,9.43,106.4,7.2,1.3,0.39467
12/1/1984,1-Dec-84,56.2296,8.38,106.8,7.3,0.6,0.11199
1/1/1985,1-Jan-85,56.1398,8.35,107.1,7.3,0.5,-0.1597
2/1/1985,1-Feb-85,56.3323,8.5,107.7,7.2,0.5,0.34289
3/1/1985,1-Mar-85,56.4232,8.58,108.1,7.2,0.4,0.16136
4/1/1985,1-Apr-85,56.2693,8.27,108.4,7.3,0.2,-0.27276
5/1/1985,1-May-85,56.3488,7.97,108.8,7.2,1.3,0.14128
6/1/1985,1-Jun-85,56.3901,7.53,109.1,7.4,-0.6,0.07329
7/1/1985,1-Jul-85,56.0234,7.88,109.4,7.4,0.8,-0.65029
8/1/1985,1-Aug-85,56.2555,7.9,109.8,7.1,1.1,0.41429
9/1/1985,1-Sep-85,56.4983,7.92,110,7.1,1.5,0.4316
10/1/1985,1-Oct-85,56.2648,7.99,110.5,7.1,-1.7,-0.41329
11/1/1985,1-Nov-85,56.4549,8.05,111.1,7,0.2,0.33787
12/1/1985,1-Dec-85,57.0458,8.27,111.4,7,0.7,1.04668
1/1/1986,1-Jan-86,57.3104,8.14,111.9,6.7,0.7,0.46384
2/1/1986,1-Feb-86,56.9344,7.86,112.2,7.2,-0.4,-0.65608
3/1/1986,1-Mar-86,56.542,7.48,112.5,7.2,0.2,-0.68921
4/1/1986,1-Apr-86,56.5599,6.99,112.9,7.1,1,0.03166
5/1/1986,1-May-86,56.6823,6.85,113.1,7.2,0.6,0.21641
6/1/1986,1-Jun-86,56.4976,6.92,113.4,7.2,-0.4,-0.32585
7/1/1986,1-Jul-86,56.814,6.56,113.8,7,0.7,0.56002
8/1/1986,1-Aug-86,56.7381,6.17,114.2,6.9,1.1,-0.13359
9/1/1986,1-Sep-86,56.8532,5.89,114.6,7,2.4,0.20286
10/1/1986,1-Oct-86,57.1191,5.85,115,7,-1.9,0.4677
11/1/1986,1-Nov-86,57.3792,6.04,115.3,6.9,-0.5,0.45536
12/1/1986,1-Dec-86,57.8623,6.91,115.6,6.6,2.7,0.84194
1/1/1987,1-Jan-87,57.685,6.43,115.9,6.6,-2.7,-0.30642
2/1/1987,1-Feb-87,58.4399,6.1,116.2,6.6,2.1,1.30866
3/1/1987,1-Mar-87,58.516,6.13,116.6,6.6,0.1,0.13022
4/1/1987,1-Apr-87,58.8851,6.37,117.3,6.3,0.5,0.63077
5/1/1987,1-May-87,59.2653,6.85,117.7,6.3,-0.1,0.64566
6/1/1987,1-Jun-87,59.5409,6.73,117.9,6.2,0.6,0.46503
7/1/1987,1-Jul-87,59.9536,6.58,118.3,6.1,0.6,0.69314
8/1/1987,1-Aug-87,60.4517,6.73,118.7,6,0.9,0.83081
9/1/1987,1-Sep-87,60.6069,7.22,119.2,5.9,-0.4,0.25673
10/1/1987,1-Oct-87,61.491,7.29,119.8,6,-0.4,1.45874
11/1/1987,1-Nov-87,61.8137,6.69,120.1,5.8,0.4,0.52479
12/1/1987,1-Dec-87,62.119,6.77,120.4,5.7,0.8,0.4939
1/1/1988,1-Jan-88,62.1469,6.83,120.9,5.7,0.7,0.04491
2/1/1988,1-Feb-88,62.4169,6.58,121.2,5.7,0.2,0.43445
3/1/1988,1-Mar-88,62.5418,6.58,121.7,5.7,0.7,0.20011
4/1/1988,1-Apr-88,62.8959,6.87,122.3,5.4,-0.3,0.56618
5/1/1988,1-May-88,62.8223,7.09,122.7,5.6,0.6,-0.11702
6/1/1988,1-Jun-88,62.9823,7.51,123.2,5.4,0.3,0.25469
7/1/1988,1-Jul-88,63.0093,7.75,123.6,5.4,0.3,0.04287
8/1/1988,1-Aug-88,63.2723,8.01,124,5.6,0.4,0.4174
9/1/1988,1-Sep-88,63.099,8.19,124.7,5.4,0,-0.2739
10/1/1988,1-Oct-88,63.4122,8.3,125.2,5.4,0.6,0.49636
11/1/1988,1-Nov-88,63.5128,8.35,125.6,5.3,0.4,0.15864
12/1/1988,1-Dec-88,63.8233,8.76,126,5.3,0.8,0.48888
1/1/1989,1-Jan-89,64.0153,9.12,126.5,5.4,0.3,0.30083
2/1/1989,1-Feb-89,63.7242,9.36,126.9,5.2,-0.9,-0.45474
3/1/1989,1-Mar-89,63.8691,9.85,127.4,5,0.3,0.22739
4/1/1989,1-Apr-89,63.9124,9.84,127.8,5.2,0.9,0.06779
5/1/1989,1-May-89,63.4884,9.81,128.3,5.2,-0.2,-0.66341
6/1/1989,1-Jun-89,63.5187,9.53,128.8,5.3,0.3,0.04773
7/1/1989,1-Jul-89,62.9354,9.24,129.2,5.2,0.4,-0.91831
8/1/1989,1-Aug-89,63.5168,8.99,129.5,5.2,0.9,0.9238
9/1/1989,1-Sep-89,63.2954,9.02,129.9,5.3,-0.4,-0.34857
10/1/1989,1-Oct-89,63.2542,8.84,130.6,5.3,0,-0.06509
11/1/1989,1-Nov-89,63.4616,8.55,131.1,5.4,-0.1,0.32788
12/1/1989,1-Dec-89,63.8467,8.45,131.6,5.4,0.3,0.60682
1/1/1990,1-Jan-90,63.4228,8.23,132.1,5.4,2,-0.66393
2/1/1990,1-Feb-90,64.0446,8.24,132.7,5.3,-1.1,0.9804
3/1/1990,1-Mar-90,64.358,8.28,133.5,5.2,0.3,0.48935
4/1/1990,1-Apr-90,64.2602,8.26,134,5.4,0.1,-0.15196
5/1/1990,1-May-90,64.3973,8.18,134.4,5.4,-0.1,0.21335
6/1/1990,1-Jun-90,64.6041,8.29,135.1,5.2,0.3,0.32113
7/1/1990,1-Jul-90,64.5205,8.15,135.8,5.5,0.3,-0.1294
8/1/1990,1-Aug-90,64.7326,8.13,136.6,5.7,-0.2,0.32873
9/1/1990,1-Sep-90,64.8145,8.2,137.1,5.9,0,0.12652
10/1/1990,1-Oct-90,64.3274,8.11,137.6,5.9,-0.4,-0.75153
11/1/1990,1-Nov-90,63.5753,7.81,138,6.2,-0.1,-1.16918
12/1/1990,1-Dec-90,63.1594,7.31,138.6,6.3,-0.4,-0.65418
1/1/1991,1-Jan-91,62.8852,6.91,139.5,6.4,-1,-0.43414
2/1/1991,1-Feb-91,62.4462,6.25,140.2,6.6,1,-0.6981
3/1/1991,1-Mar-91,62.119,6.12,140.5,6.8,1,-0.52397
4/1/1991,1-Apr-91,62.2415,5.91,140.9,6.7,-0.3,0.1972
5/1/1991,1-May-91,62.8646,5.78,141.3,6.9,-0.2,1.0011
6/1/1991,1-Jun-91,63.4372,5.9,141.8,6.9,0.3,0.91085
7/1/1991,1-Jul-91,63.5128,5.82,142.3,6.8,0.5,0.11917
8/1/1991,1-Aug-91,63.5671,5.66,142.9,6.9,0,0.08549
9/1/1991,1-Sep-91,64.133,5.45,143.4,6.9,0.1,0.89024
10/1/1991,1-Oct-91,64.0213,5.21,143.7,7,-0.3,-0.17417
11/1/1991,1-Nov-91,63.948,4.81,144.2,7,0.4,-0.11449
12/1/1991,1-Dec-91,63.6937,4.43,144.7,7.3,0.6,-0.39767
1/1/1992,1-Jan-92,63.3374,4.03,145.1,7.3,1.4,-0.5594
2/1/1992,1-Feb-92,63.7911,4.06,145.4,7.4,0.4,0.71632
3/1/1992,1-Mar-92,64.3212,3.98,145.9,7.4,-0.2,0.83099
4/1/1992,1-Apr-92,64.8088,3.73,146.3,7.4,0,0.75807
5/1/1992,1-May-92,65.0202,3.82,146.8,7.6,0.7,0.32619
6/1/1992,1-Jun-92,65.0295,3.76,147.1,7.8,0.5,0.0143
7/1/1992,1-Jul-92,65.6172,3.25,147.6,7.7,0.2,0.90374
8/1/1992,1-Aug-92,65.2943,3.3,147.9,7.6,0.4,-0.4921
9/1/1992,1-Sep-92,65.446,3.22,148.1,7.6,0.5,0.23233
10/1/1992,1-Oct-92,65.9369,3.1,148.8,7.3,0.4,0.75008
11/1/1992,1-Nov-92,66.2174,3.09,149.2,7.4,0,0.42541
12/1/1992,1-Dec-92,66.2772,2.92,149.6,7.4,0.9,0.09031
1/1/1993,1-Jan-93,66.5643,3.02,150.1,7.3,0.2,0.43318
2/1/1993,1-Feb-93,66.8594,3.03,150.6,7.1,-0.5,0.44333
3/1/1993,1-Mar-93,66.7658,3.07,150.8,7,-0.2,-0.14
4/1/1993,1-Apr-93,67,2.96,151.4,7.1,1,0.35078
5/1/1993,1-May-93,66.7674,3,151.8,7.1,0.4,-0.34716
6/1/1993,1-Jun-93,66.8781,3.04,152.1,7,0.3,0.1658
7/1/1993,1-Jul-93,67.0845,3.06,152.3,6.9,0.5,0.30862
8/1/1993,1-Aug-93,67.014,3.03,152.8,6.8,0,-0.10509
9/1/1993,1-Sep-93,67.3345,3.09,152.9,6.7,0.5,0.47826
10/1/1993,1-Oct-93,67.8515,2.99,153.4,6.8,0.3,0.76781
11/1/1993,1-Nov-93,68.1326,3.02,153.9,6.6,0.4,0.41429
12/1/1993,1-Dec-93,68.5054,2.96,154.3,6.5,0.2,0.54717
1/1/1994,1-Jan-94,68.7648,3.05,154.5,6.6,0.3,0.37866
2/1/1994,1-Feb-94,68.7836,3.25,154.8,6.6,0.9,0.02734
3/1/1994,1-Mar-94,69.4766,3.34,155.3,6.5,0.2,1.00751
4/1/1994,1-Apr-94,69.8703,3.56,155.5,6.4,0.4,0.56667
5/1/1994,1-May-94,70.2281,4.01,155.9,6.1,-0.3,0.51209
6/1/1994,1-Jun-94,70.6763,4.25,156.4,6.1,0.4,0.63821
7/1/1994,1-Jul-94,70.7846,4.26,156.7,6.1,0.3,0.15323
8/1/1994,1-Aug-94,71.2053,4.47,157.1,6,0.7,0.59434
9/1/1994,1-Sep-94,71.4767,4.73,157.5,5.9,0.2,0.38115
10/1/1994,1-Oct-94,72.082,4.76,157.8,5.8,0.7,0.84685
11/1/1994,1-Nov-94,72.5263,5.29,158.2,5.6,0.2,0.61638
12/1/1994,1-Dec-94,73.2879,5.45,158.3,5.5,0.2,1.0501
1/1/1995,1-Jan-95,73.4219,5.53,159,5.6,-0.1,0.18284
2/1/1995,1-Feb-95,73.3025,5.92,159.4,5.4,-0.3,-0.16262
3/1/1995,1-Mar-95,73.4081,5.98,159.9,5.4,0.8,0.14406
4/1/1995,1-Apr-95,73.3612,6.05,160.4,5.8,-0.3,-0.06389
5/1/1995,1-May-95,73.6104,6.01,160.7,5.6,0.7,0.33969
6/1/1995,1-Jun-95,73.8602,6,161.1,5.6,0.9,0.33935
7/1/1995,1-Jul-95,73.5664,5.85,161.4,5.7,-0.4,-0.39778
8/1/1995,1-Aug-95,74.495,5.74,161.8,5.7,0.5,1.26226
9/1/1995,1-Sep-95,74.7937,5.8,162.2,5.6,0.5,0.40097
10/1/1995,1-Oct-95,74.7017,5.76,162.7,5.5,-0.3,-0.12301
11/1/1995,1-Nov-95,74.8897,5.8,163,5.6,0.7,0.25167
12/1/1995,1-Dec-95,75.1755,5.6,163.1,5.6,0.7,0.38163
1/1/1996,1-Jan-96,74.6841,5.56,163.7,5.6,-0.5,-0.65367
2/1/1996,1-Feb-96,75.8344,5.22,164,5.5,0.8,1.54022
3/1/1996,1-Mar-96,75.7631,5.31,164.4,5.5,0.5,-0.09402
4/1/1996,1-Apr-96,76.4562,5.22,164.6,5.6,0.5,0.91483
5/1/1996,1-May-96,77.0161,5.24,165,5.6,0.1,0.73231
6/1/1996,1-Jun-96,77.6669,5.27,165.4,5.3,0.1,0.84502
7/1/1996,1-Jul-96,77.5662,5.4,165.7,5.5,0.4,-0.12966
8/1/1996,1-Aug-96,78.016,5.22,166,5.1,0.3,0.57989
9/1/1996,1-Sep-96,78.5532,5.3,166.5,5.2,0.3,0.68858
10/1/1996,1-Oct-96,78.5065,5.24,166.8,5.2,0.2,-0.05945
11/1/1996,1-Nov-96,79.1996,5.31,167.2,5.4,0.2,0.88286
12/1/1996,1-Dec-96,79.7143,5.29,167.4,5.4,0.5,0.64988
1/1/1997,1-Jan-97,79.8273,5.25,167.8,5.3,0.5,0.14176
2/1/1997,1-Feb-97,80.793,5.19,168.1,5.2,0.3,1.20974
3/1/1997,1-Mar-97,81.334,5.39,168.4,5.2,0.4,0.66961
4/1/1997,1-Apr-97,81.3531,5.51,168.9,5.1,-0.2,0.02348
5/1/1997,1-May-97,81.8293,5.5,169.2,4.9,0.2,0.58535
6/1/1997,1-Jun-97,82.2285,5.56,169.4,5,0.6,0.48784
7/1/1997,1-Jul-97,82.8557,5.52,169.7,4.9,0.9,0.76275
8/1/1997,1-Aug-97,83.7214,5.54,169.8,4.8,0.9,1.04483
9/1/1997,1-Sep-97,84.4651,5.54,170.2,4.9,-0.1,0.8883
10/1/1997,1-Oct-97,85.1918,5.5,170.6,4.7,0.4,0.86036
11/1/1997,1-Nov-97,85.9397,5.52,170.8,4.6,0.6,0.8779
12/1/1997,1-Dec-97,86.2047,5.5,171.2,4.7,0.6,0.30836
1/1/1998,1-Jan-98,86.6474,5.56,171.6,4.6,0.2,0.51355
2/1/1998,1-Feb-98,86.7612,5.51,171.9,4.6,0.5,0.13134
3/1/1998,1-Mar-98,86.8198,5.49,172.2,4.7,0.4,0.06754
4/1/1998,1-Apr-98,87.1411,5.45,172.5,4.3,0.7,0.37008
5/1/1998,1-May-98,87.6952,5.49,172.9,4.4,0.7,0.63587
6/1/1998,1-Jun-98,87.145,5.56,173.2,4.5,0.6,-0.6274
7/1/1998,1-Jul-98,86.8423,5.54,173.5,4.5,0.2,-0.34735
8/1/1998,1-Aug-98,88.6247,5.55,174,4.5,0.5,2.05246
9/1/1998,1-Sep-98,88.4515,5.51,174.2,4.6,0.8,-0.19543
10/1/1998,1-Oct-98,89.1677,5.07,174.4,4.5,0.6,0.80971
11/1/1998,1-Nov-98,89.1098,4.83,174.8,4.4,0.3,-0.06493
12/1/1998,1-Dec-98,89.4407,4.68,175.4,4.4,0.7,0.37134
1/1/1999,1-Jan-99,89.8594,4.63,175.6,4.3,-0.2,0.46813
2/1/1999,1-Feb-99,90.3386,4.76,175.6,4.4,0.6,0.53328
3/1/1999,1-Mar-99,90.4819,4.81,175.7,4.2,0.3,0.15863
4/1/1999,1-Apr-99,90.7274,4.74,176.3,4.3,0.6,0.27132
5/1/1999,1-May-99,91.352,4.74,176.5,4.2,0.5,0.68844
6/1/1999,1-Jun-99,91.1994,4.76,176.6,4.3,0.4,-0.16705
7/1/1999,1-Jul-99,91.7766,4.99,177.1,4.3,0.1,0.6329
8/1/1999,1-Aug-99,92.1629,5.07,177.3,4.2,0.7,0.42091
9/1/1999,1-Sep-99,91.774,5.22,177.8,4.2,0.5,-0.42197
10/1/1999,1-Oct-99,92.9979,5.2,178.1,4.1,0.3,1.3336
11/1/1999,1-Nov-99,93.4371,5.42,178.4,4.1,0.8,0.47227
12/1/1999,1-Dec-99,94.1593,5.3,178.7,4,0.9,0.77293
1/1/2000,1-Jan-00,94.1758,5.45,179.3,4,0.2,0.01752
2/1/2000,1-Feb-00,94.4557,5.73,179.4,4.1,1,0.29721
3/1/2000,1-Mar-00,94.798,5.85,180,4,0.7,0.36239
4/1/2000,1-Apr-00,95.4808,6.02,180.3,3.8,-0.3,0.72027
5/1/2000,1-May-00,95.6435,6.27,180.7,4,0.4,0.1704
6/1/2000,1-Jun-00,95.7353,6.53,181.1,4,0.1,0.09598
7/1/2000,1-Jul-00,95.5906,6.54,181.5,4,0.2,-0.15115
8/1/2000,1-Aug-00,95.3112,6.5,181.9,4.1,0.5,-0.29229
9/1/2000,1-Sep-00,95.679,6.52,182.3,3.9,0.9,0.38589
10/1/2000,1-Oct-00,95.397,6.51,182.6,3.9,-0.1,-0.29474
11/1/2000,1-Nov-00,95.4229,6.51,183.1,3.9,0,0.02715
12/1/2000,1-Dec-00,95.1573,6.4,183.3,3.9,0.1,-0.27834
1/1/2001,1-Jan-01,94.5448,5.98,183.9,4.2,0.4,-0.64367
2/1/2001,1-Feb-01,93.9398,5.49,184.4,4.2,0.2,-0.63991
3/1/2001,1-Mar-01,93.7201,5.31,184.7,4.3,-0.2,-0.23387
4/1/2001,1-Apr-01,93.4469,4.8,185.1,4.4,0.1,-0.29151
5/1/2001,1-May-01,92.876,4.21,185.3,4.3,0.4,-0.61094
6/1/2001,1-Jun-01,92.3208,3.97,186,4.5,0.2,-0.59779
7/1/2001,1-Jul-01,91.7933,3.77,186.4,4.6,0,-0.57138
8/1/2001,1-Aug-01,91.6795,3.65,186.7,4.9,0.7,-0.12397
9/1/2001,1-Sep-01,91.3289,3.07,187.1,5,-1.2,-0.38242
10/1/2001,1-Oct-01,90.9315,2.49,187.4,5.3,2.7,-0.43513
11/1/2001,1-Nov-01,90.486,2.09,188.1,5.5,-0.4,-0.48993
12/1/2001,1-Dec-01,90.5073,1.82,188.4,5.7,-0.3,0.02354
1/1/2002,1-Jan-02,91.0794,1.73,188.7,5.7,0.6,0.6321
2/1/2002,1-Feb-02,91.0553,1.74,189.1,5.7,0.4,-0.02646
3/1/2002,1-Mar-02,91.798,1.73,189.2,5.7,-0.2,0.81566
4/1/2002,1-Apr-02,92.1771,1.75,189.7,5.9,0.7,0.41297
5/1/2002,1-May-02,92.5668,1.75,190,5.8,-0.7,0.42277
6/1/2002,1-Jun-02,93.4476,1.75,190.2,5.8,0.4,0.95153
7/1/2002,1-Jul-02,93.2237,1.73,190.5,5.8,0.6,-0.2396
8/1/2002,1-Aug-02,93.2359,1.74,191.1,5.7,0.2,0.01309
9/1/2002,1-Sep-02,93.3654,1.75,191.3,5.7,-0.3,0.13889
10/1/2002,1-Oct-02,93.0834,1.75,191.5,5.7,0.2,-0.30204
11/1/2002,1-Nov-02,93.5693,1.34,191.9,5.9,0.3,0.522
12/1/2002,1-Dec-02,93.1103,1.24,192.1,6,0.8,-0.49055
1/1/2003,1-Jan-03,93.8198,1.24,192.4,5.8,-0.1,0.762
2/1/2003,1-Feb-03,93.9532,1.26,192.5,5.9,-0.3,0.14219
3/1/2003,1-Mar-03,93.7358,1.25,192.5,5.9,0.8,-0.23139
4/1/2003,1-Apr-03,93.0657,1.26,192.5,6,0.3,-0.71488
5/1/2003,1-May-03,93.0918,1.26,192.9,6.1,0.4,0.02804
6/1/2003,1-Jun-03,93.2476,1.22,193,6.3,0.7,0.16736
7/1/2003,1-Jul-03,93.6582,1.01,193.4,6.2,0.4,0.44033
8/1/2003,1-Aug-03,93.5246,1.03,193.6,6.1,0.9,-0.14265
9/1/2003,1-Sep-03,94.0751,1.01,193.7,6.1,-0.2,0.58862
10/1/2003,1-Oct-03,94.2079,1.01,194,6,0.1,0.14116
11/1/2003,1-Nov-03,94.9338,1,194,5.8,0.6,0.77053
12/1/2003,1-Dec-03,94.8662,0.98,194.2,5.7,0.2,-0.07121
1/1/2004,1-Jan-04,95.1085,1,194.6,5.7,0.2,0.25541
2/1/2004,1-Feb-04,95.6847,1.01,194.9,5.6,0.3,0.60583
3/1/2004,1-Mar-04,95.2088,1,195.5,5.8,0.7,-0.49736
4/1/2004,1-Apr-04,95.6385,1,195.9,5.6,-0.2,0.45132
5/1/2004,1-May-04,96.3966,1,196.2,5.6,0.7,0.79267
6/1/2004,1-Jun-04,95.6019,1.03,196.6,5.6,-0.5,-0.82441
7/1/2004,1-Jul-04,96.3385,1.26,196.8,5.5,0.9,0.77049
8/1/2004,1-Aug-04,96.4095,1.43,196.9,5.4,0.4,0.0737
9/1/2004,1-Sep-04,96.4907,1.61,197.5,5.4,0.6,0.08422
10/1/2004,1-Oct-04,97.4094,1.76,197.9,5.5,0.2,0.95211
11/1/2004,1-Nov-04,97.6137,1.93,198.3,5.4,0.2,0.20973
12/1/2004,1-Dec-04,98.3318,2.16,198.6,5.4,0.7,0.73565
1/1/2005,1-Jan-05,98.7845,2.28,199,5.3,-0.4,0.46038
2/1/2005,1-Feb-05,99.4639,2.5,199.4,5.4,0.6,0.68776
3/1/2005,1-Mar-05,99.3061,2.63,200.1,5.2,0,-0.15865
4/1/2005,1-Apr-05,99.4734,2.79,200.2,5.2,0.8,0.16847
5/1/2005,1-May-05,99.6033,3,200.5,5.1,-0.1,0.13059
6/1/2005,1-Jun-05,99.9853,3.04,200.6,5,0.9,0.38352
7/1/2005,1-Jul-05,99.6692,3.26,200.9,5,0.8,-0.31615
8/1/2005,1-Aug-05,99.9435,3.5,201.1,4.9,-0.5,0.27521
9/1/2005,1-Sep-05,98.0779,3.62,201.3,5,-0.2,-1.86665
10/1/2005,1-Oct-05,99.3149,3.78,202,5,0.3,1.26124
11/1/2005,1-Nov-05,100.3216,4,202.5,5,0.5,1.01364
12/1/2005,1-Dec-05,100.9437,4.16,202.8,4.9,0.2,0.62011
1/1/2006,1-Jan-06,101.0627,4.29,203.2,4.7,1.1,0.11789
2/1/2006,1-Feb-06,101.0669,4.49,203.6,4.8,-0.1,0.00416
3/1/2006,1-Mar-06,101.2751,4.59,204.3,4.7,0.2,0.206
4/1/2006,1-Apr-06,101.6813,4.79,204.8,4.7,0.2,0.40109
5/1/2006,1-May-06,101.579,4.94,205.4,4.6,0,-0.10061
6/1/2006,1-Jun-06,101.9693,4.99,205.9,4.6,0.1,0.38423
7/1/2006,1-Jul-06,101.9319,5.24,206.3,4.7,0.3,-0.03668
8/1/2006,1-Aug-06,102.3327,5.25,206.8,4.7,-0.1,0.3932
9/1/2006,1-Sep-06,102.1252,5.25,207.2,4.5,0.7,-0.20277
10/1/2006,1-Oct-06,102.0668,5.25,207.6,4.4,0.3,-0.05718
11/1/2006,1-Nov-06,101.9688,5.25,207.8,4.5,0.2,-0.09602
12/1/2006,1-Dec-06,103.0292,5.24,208.1,4.4,0.7,1.03993
1/1/2007,1-Jan-07,102.4933,5.25,208.6,4.6,-0.1,-0.52014
2/1/2007,1-Feb-07,103.5264,5.26,209.135,4.5,-0.1,1.00797
3/1/2007,1-Mar-07,103.7521,5.26,209.418,4.4,0.4,0.21801
4/1/2007,1-Apr-07,104.4814,5.25,209.747,4.5,-0.2,0.70293
5/1/2007,1-May-07,104.5322,5.25,210.058,4.4,0.4,0.04862
6/1/2007,1-Jun-07,104.5617,5.25,210.392,4.6,-0.1,0.02822
7/1/2007,1-Jul-07,104.5227,5.26,210.773,4.7,0.2,-0.0373
8/1/2007,1-Aug-07,104.7556,5.02,211.119,4.6,0.4,0.22282
9/1/2007,1-Sep-07,105.1611,4.94,211.554,4.7,0.1,0.38709
10/1/2007,1-Oct-07,104.7171,4.76,212.077,4.7,0.2,-0.42221
11/1/2007,1-Nov-07,105.3338,4.49,212.66,4.7,0,0.58892
12/1/2007,1-Dec-07,105.3457,4.24,213.168,5,-0.2,0.0113
1/1/2008,1-Jan-08,105.0619,3.94,213.771,5,0.1,-0.2694
2/1/2008,1-Feb-08,104.7094,2.98,213.939,4.9,-0.4,-0.33552
3/1/2008,1-Mar-08,104.4616,2.61,214.42,5.1,0,-0.23665
4/1/2008,1-Apr-08,103.6704,2.28,214.56,5,0.4,-0.75741
5/1/2008,1-May-08,103.0863,1.98,214.936,5.4,0.2,-0.56342
6/1/2008,1-Jun-08,102.8445,2,215.424,5.6,-0.1,-0.23456
7/1/2008,1-Jul-08,102.3002,2.01,215.965,5.8,-0.3,-0.52925
8/1/2008,1-Aug-08,100.7353,2,216.393,6.1,0.1,-1.52971
9/1/2008,1-Sep-08,96.3666,1.81,216.713,6.1,-0.6,-4.33681
10/1/2008,1-Oct-08,97.2832,0.97,216.788,6.5,-0.5,0.95116
11/1/2008,1-Nov-08,96.0605,0.39,216.947,6.8,-0.4,-1.25685
12/1/2008,1-Dec-08,93.2521,0.16,216.925,7.3,-0.3,-2.92357
1/1/2009,1-Jan-09,91.0373,0.15,217.346,7.8,0.4,-2.37507
2/1/2009,1-Feb-09,90.4502,0.22,217.792,8.3,-0.3,-0.6449
3/1/2009,1-Mar-09,89.016,0.18,218.253,8.7,-0.6,-1.58562
4/1/2009,1-Apr-09,88.3056,0.15,218.706,9,0,-0.79806
5/1/2009,1-May-09,87.4155,0.18,218.904,9.4,0.1,-1.00798
6/1/2009,1-Jun-09,87.0742,0.21,219.112,9.5,0,-0.39043
7/1/2009,1-Jul-09,88.0323,0.16,219.263,9.5,0.4,1.10033
8/1/2009,1-Aug-09,89.019,0.16,219.496,9.6,0.9,1.12084
9/1/2009,1-Sep-09,89.6926,0.15,219.92,9.8,-1.1,0.75669
10/1/2009,1-Oct-09,89.9797,0.12,220.501,10,0,0.32009
11/1/2009,1-Nov-09,90.3375,0.12,220.666,9.9,0.1,0.39765
12/1/2009,1-Dec-09,90.6132,0.12,220.881,9.9,0.2,0.30519
1/1/2010,1-Jan-10,91.6642,0.11,220.633,9.8,0,1.15988
2/1/2010,1-Feb-10,91.994,0.13,220.731,9.8,0.2,0.35979
3/1/2010,1-Mar-10,92.5993,0.16,220.783,9.9,0.8,0.65798
4/1/2010,1-Apr-10,92.9436,0.2,220.822,9.9,0.2,0.37182
5/1/2010,1-May-10,94.2997,0.2,220.962,9.6,0,1.45906
6/1/2010,1-Jun-10,94.4397,0.18,221.194,9.4,0.3,0.14846
7/1/2010,1-Jul-10,94.8536,0.18,221.363,9.4,0.3,0.43827
8/1/2010,1-Aug-10,95.1448,0.19,221.509,9.5,0.3,0.307
9/1/2010,1-Sep-10,95.3637,0.19,221.711,9.5,0.1,0.23007
10/1/2010,1-Oct-10,95.1109,0.19,221.83,9.4,0.3,-0.26509
11/1/2010,1-Nov-10,95.1383,0.19,222.149,9.8,0.2,0.02881
12/1/2010,1-Dec-10,96.0599,0.18,222.343,9.3,0,0.9687
1/1/2011,1-Jan-11,95.9364,0.17,222.803,9.1,0.3,-0.12857
2/1/2011,1-Feb-11,95.5154,0.16,223.213,9,0.3,-0.43883
3/1/2011,1-Mar-11,96.4643,0.14,223.454,9,0.4,0.99345
4/1/2011,1-Apr-11,96.1187,0.1,223.727,9.1,0,-0.35827
5/1/2011,1-May-11,96.3377,0.09,224.175,9,0,0.22784
6/1/2011,1-Jun-11,96.6154,0.09,224.697,9.1,0.2,0.28826
7/1/2011,1-Jul-11,97.1292,0.07,225.218,9,0.1,0.5318
8/1/2011,1-Aug-11,97.6731,0.1,225.862,9,0.1,0.55998
9/1/2011,1-Sep-11,97.6494,0.08,226.118,9,0.3,-0.02426
10/1/2011,1-Oct-11,98.3222,0.07,226.506,8.8,0.1,0.689
11/1/2011,1-Nov-11,98.2433,0.08,226.899,8.6,-0.1,-0.08025
12/1/2011,1-Dec-11,98.7876,0.07,227.405,8.5,0.2,0.55403
1/1/2012,1-Jan-12,99.3925,0.08,227.877,8.3,0.7,0.61232
2/1/2012,1-Feb-12,99.6203,0.1,228.034,8.3,0.5,0.22919
3/1/2012,1-Mar-12,99.1551,0.13,228.478,8.2,0,-0.46697
4/1/2012,1-Apr-12,99.9006,0.14,228.905,8.2,-0.1,0.75185
5/1/2012,1-May-12,100.0924,0.16,229.224,8.2,-0.1,0.19199
6/1/2012,1-Jun-12,100.0728,0.16,229.623,8.2,-0.1,-0.01958
7/1/2012,1-Jul-12,100.3354,0.16,229.97,8.2,0.2,0.26241
8/1/2012,1-Aug-12,99.856,0.13,230.233,8.1,0,-0.4778
9/1/2012,1-Sep-12,99.9049,0.14,230.659,7.8,0.4,0.04897
10/1/2012,1-Oct-12,100.1167,0.16,231.024,7.8,0,0.212
11/1/2012,1-Nov-12,100.5991,0.16,231.33,7.7,0.5,0.48184
12/1/2012,1-Dec-12,100.9542,0.16,231.725,7.9,0.2,0.35299
1/1/2013,1-Jan-13,100.8204,0.14,232.229,8,0.2,-0.13254
2/1/2013,1-Feb-13,101.3995,0.15,232.569,7.7,-0.1,0.57439
3/1/2013,1-Mar-13,101.8114,0.14,232.794,7.5,-0.1,0.40622
4/1/2013,1-Apr-13,101.6364,0.15,232.832,7.6,0,-0.17189
5/1/2013,1-May-13,101.7476,0.11,232.996,7.5,0.3,0.10941
6/1/2013,1-Jun-13,101.9549,0.09,233.35,7.5,0,0.20374
7/1/2013,1-Jul-13,101.5204,0.09,233.88,7.3,0.2,-0.42617
8/1/2013,1-Aug-13,102.1907,0.08,234.336,7.2,0.2,0.66026
9/1/2013,1-Sep-13,102.717,0.08,234.7,7.2,0.2,0.51502
10/1/2013,1-Oct-13,102.5371,0.09,234.921,7.2,0.3,-0.17514
11/1/2013,1-Nov-13,102.8379,0.08,235.359,6.9,0.3,0.29336
12/1/2013,1-Dec-13,103.1504,0.09,235.759,6.7,0.1,0.30388
1/1/2014,1-Jan-14,102.7216,0.07,235.961,6.6,-0.5,-0.4157
2/1/2014,1-Feb-14,103.5917,0.07,236.185,6.7,0.7,0.84705
3/1/2014,1-Mar-14,104.5889,0.08,236.625,6.7,0.6,0.96263
4/1/2014,1-Apr-14,104.6371,0.09,237.072,6.2,0.4,0.04609
5/1/2014,1-May-14,105.0152,0.09,237.529,6.3,0.4,0.36134
6/1/2014,1-Jun-14,105.4081,0.1,237.837,6.1,0.5,0.37414
7/1/2014,1-Jul-14,105.6157,0.09,238.195,6.2,0.3,0.19695
8/1/2014,1-Aug-14,105.4986,0.09,238.405,6.1,0.7,-0.11087
9/1/2014,1-Sep-14,105.8138,0.09,238.786,5.9,0.1,0.29877
10/1/2014,1-Oct-14,105.8357,0.09,239.191,5.7,0.5,0.0207
11/1/2014,1-Nov-14,106.6634,0.09,239.458,5.8,0.2,0.78206
12/1/2014,1-Dec-14,106.5085,0.12,239.584,5.6,0.5,-0.14522
1/1/2015,1-Jan-15,105.9806,0.11,239.811,5.7,0.1,-0.49564
2/1/2015,1-Feb-15,105.4425,0.11,240.172,5.5,0.1,-0.50773
3/1/2015,1-Mar-15,105.1464,0.11,240.755,5.4,0.5,-0.28082
4/1/2015,1-Apr-15,104.5272,0.12,241.346,5.4,0.4,-0.58889
5/1/2015,1-May-15,104.0742,0.12,241.688,5.6,0.4,-0.43338
6/1/2015,1-Jun-15,103.7174,0.13,242.064,5.3,0.1,-0.34283
7/1/2015,1-Jul-15,104.3243,0.13,242.565,5.2,0.4,0.58515
8/1/2015,1-Aug-15,104.1621,0.14,242.817,5.1,0.2,-0.15548
9/1/2015,1-Sep-15,103.7768,0.14,243.316,5,0.1,-0.3699
10/1/2015,1-Oct-15,103.3976,0.12,243.768,5,0.2,-0.3654
11/1/2015,1-Nov-15,102.6866,0.12,244.241,5.1,0.3,-0.68764
12/1/2015,1-Dec-15,102.1014,0.24,244.547,5,0.4,-0.56989
1/1/2016,1-Jan-16,102.9525,0.34,245.075,4.9,0.1,0.83358
2/1/2016,1-Feb-16,102.2225,0.38,245.644,4.9,0.6,-0.70906
3/1/2016,1-Mar-16,101.4155,0.36,245.964,5,-0.1,-0.78945
4/1/2016,1-Apr-16,101.5167,0.37,246.467,5,0.2,0.09979
5/1/2016,1-May-16,101.4298,0.37,247.036,4.8,0.2,-0.0856
6/1/2016,1-Jun-16,101.8747,0.38,247.435,4.9,0.4,0.43863
7/1/2016,1-Jul-16,102.1325,0.39,247.791,4.8,0.1,0.25306
8/1/2016,1-Aug-16,102.0407,0.4,248.371,4.9,0.1,-0.08988
9/1/2016,1-Sep-16,102.0477,0.4,248.709,5,0.5,0.00686
10/1/2016,1-Oct-16,102.2485,0.4,249.068,4.9,0.2,0.19677
11/1/2016,1-Nov-16,102.0507,0.41,249.502,4.7,0.2,-0.19345
12/1/2016,1-Dec-16,102.9281,0.54,249.959,4.7,0.3,0.85977
1/1/2017,1-Jan-17,103.0366,0.65,250.519,4.7,0.4,0.10541
2/1/2017,1-Feb-17,102.6479,0.66,250.987,4.6,-0.1,-0.37724
3/1/2017,1-Mar-17,103.343,0.79,250.894,4.4,0.4,0.67717
4/1/2017,1-Apr-17,104.2721,0.9,251.129,4.4,0.1,0.89904
5/1/2017,1-May-17,104.4129,0.91,251.372,4.4,0.1,0.13503
6/1/2017,1-Jun-17,104.5849,1.04,251.714,4.3,0.3,0.16473
7/1/2017,1-Jul-17,104.5427,1.15,252.009,4.3,0.2,-0.04035
8/1/2017,1-Aug-17,104.0475,1.16,252.562,4.4,0.1,-0.47368
9/1/2017,1-Sep-17,104.0502,1.15,252.888,4.2,0.6,0.00259
10/1/2017,1-Oct-17,105.6287,1.15,253.534,4.1,0.2,1.51706
11/1/2017,1-Nov-17,106.193,1.16,253.855,4.2,0.5,0.53423
12/1/2017,1-Dec-17,106.536,1.3,254.38,4.1,0.2,0.323
1/1/2018,1-Jan-18,106.2655,1.41,255.106,4.1,0,-0.2539
2/1/2018,1-Feb-18,106.6419,1.42,255.57,4.1,0.2,0.35421
3/1/2018,1-Mar-18,107.2519,1.51,256.075,4,0.1,0.57201
4/1/2018,1-Apr-18,108.2223,1.69,256.487,4,0.4,0.90479
5/1/2018,1-May-18,107.3639,1.7,257.057,3.8,0.5,-0.79318
6/1/2018,1-Jun-18,108.1707,1.82,257.422,4,0.3,0.75146
7/1/2018,1-Jul-18,108.652,1.91,257.902,3.8,0.4,0.44494
8/1/2018,1-Aug-18,109.5246,1.91,258.065,3.8,0.3,0.80311
9/1/2018,1-Sep-18,109.6749,1.95,258.606,3.7,0,0.13723
10/1/2018,1-Oct-18,109.9165,2.19,258.993,3.8,0.3,0.22029
11/1/2018,1-Nov-18,110.5067,2.2,259.488,3.7,0.2,0.53695
12/1/2018,1-Dec-18,110.5516,2.27,259.986,3.9,-0.7,0.04063
1/1/2019,1-Jan-19,110.1185,2.4,260.566,4,0.6,-0.39176
2/1/2019,1-Feb-19,109.5631,2.4,260.898,3.8,0,-0.50437
3/1/2019,1-Mar-19,109.6811,2.41,261.317,3.8,0.8,0.1077
4/1/2019,1-Apr-19,108.9888,2.42,261.835,3.6,0.2,-0.63119
5/1/2019,1-May-19,109.2264,2.39,262.199,3.6,0.4,0.218
6/1/2019,1-Jun-19,109.2774,2.38,262.925,3.7,0.2,0.04669
7/1/2019,1-Jul-19,109.0852,2.4,263.587,3.7,0.2,-0.17588
8/1/2019,1-Aug-19,109.8543,2.13,264.18,3.7,0.2,0.70505
9/1/2019,1-Sep-19,109.4725,2.04,264.682,3.5,0.3,-0.34755
10/1/2019,1-Oct-19,109.027,1.83,264.987,3.6,0.1,-0.40695
11/1/2019,1-Nov-19,110.0388,1.55,265.501,3.5,0.3,0.92803
12/1/2019,1-Dec-19,109.6527,1.55,265.832,3.5,0.2,-0.35088
1/1/2020,1-Jan-20,109.1845,1.55,266.476,3.6,0.4,-0.42698
2/1/2020,1-Feb-20,109.3246,1.58,267.07,3.5,-0.2,0.12831
3/1/2020,1-Mar-20,104.464,0.65,266.795,4.4,-8.6,-4.44603
4/1/2020,1-Apr-20,91.1991,0.05,265.601,14.7,-12.3,-12.69806
5/1/2020,1-May-20,92.4534,0.05,265.441,13.3,8.7,1.37534
